일시,모기지수(수변부),모기지수(주거지),모기지수(공원),평균기온(°C),최저기온(°C),최고기온(°C),최대 풍속(m/s),평균 풍속(m/s),최소 상대습도(%),평균 상대습도(%),최고 해면기압(hPa),최저 해면기압(hPa),평균 해면기압(hPa),평균 지면온도(°C),연도,월,일,연도월
2020-01-01,5.5,5.5,5.5,-2.2,-6.5,0.3,2.6,0.6,37.0,64.4,1034.0,1031.2,1032.1,-0.9,2020,1,1,2020-01
2020-01-02,5.5,5.5,5.5,1.0,-0.7,3.8,4.0,1.2,54.0,65.4,1031.3,1028.2,1029.6,0.1,2020,1,2,2020-01
2020-01-03,5.5,5.5,5.5,-0.1,-3.4,4.6,3.5,1.7,26.0,56.9,1029.0,1025.8,1027.3,-0.4,2020,1,3,2020-01
2020-01-04,5.5,5.5,5.5,1.2,-2.8,6.1,4.5,1.9,32.0,50.8,1028.4,1024.4,1026.2,0.0,2020,1,4,2020-01
2020-01-05,5.5,5.5,5.5,1.3,-3.2,6.6,2.9,1.1,28.0,45.6,1032.6,1028.1,1030.6,-0.5,2020,1,5,2020-01
2020-01-06,5.5,5.5,5.5,3.1,0.6,4.6,5.4,3.1,39.0,65.4,1030.3,1020.5,1026.0,1.0,2020,1,6,2020-01
2020-01-07,5.5,5.5,5.5,6.3,4.2,7.7,6.3,4.0,93.0,95.0,1020.5,997.8,1009.7,5.1,2020,1,7,2020-01
2020-01-08,5.5,5.5,5.5,2.4,-0.4,8.9,6.3,3.3,73.0,86.1,1023.3,997.4,1014.3,4.0,2020,1,8,2020-01
2020-01-09,5.5,5.5,5.5,-1.2,-3.1,2.0,4.3,2.3,47.0,65.3,1025.9,1022.8,1024.3,1.3,2020,1,9,2020-01
2020-01-10,5.5,5.5,5.5,-0.6,-4.3,4.2,3.7,1.5,36.0,62.9,1026.2,1022.1,1023.9,0.2,2020,1,10,2020-01
2020-01-11,5.5,5.5,5.5,-0.1,-2.6,3.9,4.8,1.9,35.0,60.9,1022.6,1018.5,1020.3,0.1,2020,1,11,2020-01
2020-01-12,5.5,5.5,5.5,-1.0,-3.5,2.8,4.1,2.4,38.0,61.5,1020.6,1016.8,1018.4,0.4,2020,1,12,2020-01
2020-01-13,5.5,5.5,5.5,-2.9,-4.7,0.2,4.9,2.3,28.0,51.0,1026.0,1020.0,1023.4,-1.3,2020,1,13,2020-01
2020-01-14,5.5,5.5,5.5,-2.3,-5.7,2.6,3.3,1.6,20.0,45.3,1028.1,1024.2,1026.0,-1.6,2020,1,14,2020-01
2020-01-15,5.5,5.5,5.5,-2.7,-6.4,2.2,4.5,1.9,24.0,44.8,1030.0,1027.4,1028.7,-2.0,2020,1,15,2020-01
2020-01-16,5.5,5.5,5.5,-1.7,-5.5,3.2,4.4,1.6,24.0,43.0,1029.3,1025.3,1027.3,-1.6,2020,1,16,2020-01
2020-01-17,5.5,5.5,5.5,-0.6,-4.8,4.9,3.8,1.5,27.0,43.9,1025.7,1021.6,1023.5,-0.8,2020,1,17,2020-01
2020-01-18,5.5,5.5,5.5,0.3,-4.1,5.9,4.2,1.8,17.0,48.1,1023.1,1020.2,1021.7,-0.6,2020,1,18,2020-01
2020-01-19,5.5,5.5,5.5,1.9,-0.4,5.3,6.1,2.2,42.0,62.8,1020.9,1016.6,1018.7,0.5,2020,1,19,2020-01
2020-01-20,5.5,5.5,5.5,0.7,-3.3,5.5,5.7,2.5,24.0,46.8,1028.5,1020.3,1023.0,-0.1,2020,1,20,2020-01
2020-01-21,5.5,5.5,5.5,-0.4,-5.6,5.5,3.5,1.4,19.0,36.9,1032.4,1028.1,1029.8,-0.8,2020,1,21,2020-01
2020-01-22,5.5,5.5,5.5,3.0,-0.1,7.8,3.2,1.7,22.0,36.0,1028.9,1022.9,1025.4,1.3,2020,1,22,2020-01
2020-01-23,5.5,5.5,5.5,4.6,0.0,9.9,4.7,2.0,32.0,49.3,1027.2,1022.0,1024.2,2.2,2020,1,23,2020-01
2020-01-24,5.5,5.5,5.5,2.8,-1.3,7.4,3.7,1.7,43.0,63.0,1031.7,1027.2,1030.3,1.9,2020,1,24,2020-01
2020-01-25,5.5,5.5,5.5,4.3,0.6,8.8,3.9,1.5,49.0,63.1,1031.1,1027.2,1029.5,2.4,2020,1,25,2020-01
2020-01-26,5.5,5.5,5.5,5.5,-0.2,11.9,6.1,2.7,31.0,56.3,1029.5,1024.6,1027.2,3.5,2020,1,26,2020-01
2020-01-27,5.5,5.5,5.5,5.9,4.8,7.5,7.0,4.6,35.0,48.1,1025.8,1018.3,1021.0,3.6,2020,1,27,2020-01
2020-01-28,5.5,5.5,5.5,6.8,4.3,9.9,5.4,2.6,37.0,49.4,1019.6,1016.9,1018.2,4.6,2020,1,28,2020-01
2020-01-29,5.5,5.5,5.5,6.0,3.2,9.6,3.6,2.1,35.0,46.4,1018.8,1013.8,1015.8,3.7,2020,1,29,2020-01
2020-01-30,5.5,5.5,5.5,5.2,1.4,10.4,3.0,1.8,30.0,47.0,1016.9,1013.3,1014.9,3.0,2020,1,30,2020-01
2020-01-31,5.5,5.5,5.5,3.9,1.4,8.9,4.4,2.3,41.0,59.6,1022.6,1016.8,1019.7,2.8,2020,1,31,2020-01
2020-02-01,5.5,5.5,5.5,2.6,-1.2,7.6,4.7,1.7,43.0,66.6,1025.4,1022.2,1024.1,2.3,2020,2,1,2020-02
2020-02-02,5.5,5.5,5.5,1.5,-2.1,5.3,4.7,1.8,24.0,52.3,1027.4,1023.9,1025.6,1.9,2020,2,2,2020-02
2020-02-03,5.5,5.5,5.5,-0.4,-2.9,3.0,5.7,3.1,23.0,43.6,1029.4,1024.8,1027.3,2.3,2020,2,3,2020-02
2020-02-04,5.5,5.5,5.5,-1.6,-6.0,3.9,6.2,2.8,32.0,50.3,1029.2,1023.3,1026.7,0.3,2020,2,4,2020-02
2020-02-05,5.5,5.5,5.5,-8.3,-11.0,-4.9,5.5,3.3,27.0,37.3,1035.0,1027.8,1032.4,-2.5,2020,2,5,2020-02
2020-02-06,5.5,5.5,5.5,-6.4,-11.8,0.4,4.0,1.9,19.0,36.4,1036.7,1032.2,1034.2,-2.7,2020,2,6,2020-02
2020-02-07,5.5,5.5,5.5,-1.7,-7.2,2.2,3.5,2.0,14.0,45.1,1032.4,1026.9,1029.5,-0.4,2020,2,7,2020-02
2020-02-08,5.5,5.5,5.5,-0.1,-2.3,3.7,5.3,3.0,29.0,48.1,1028.9,1025.8,1027.5,1.4,2020,2,8,2020-02
2020-02-09,5.5,5.5,5.5,-0.5,-5.6,4.1,4.4,2.0,24.0,51.1,1029.0,1022.5,1025.5,0.5,2020,2,9,2020-02
2020-02-10,5.5,5.5,5.5,4.0,-0.7,9.6,4.2,1.7,25.0,49.4,1027.5,1021.6,1024.1,3.4,2020,2,10,2020-02
2020-02-11,5.5,5.5,5.5,6.8,-0.5,14.6,3.6,1.6,17.0,37.0,1029.1,1024.6,1026.9,0.6,2020,2,11,2020-02
2020-02-12,5.5,5.5,5.5,7.4,6.5,8.2,5.0,2.2,31.0,73.4,1024.7,1012.3,1016.9,5.8,2020,2,12,2020-02
2020-02-13,5.5,5.5,5.5,6.5,4.9,8.7,3.2,1.7,69.0,84.8,1021.5,1014.7,1019.3,6.6,2020,2,13,2020-02
2020-02-14,5.5,5.5,5.5,8.1,3.2,14.7,3.0,1.2,41.0,70.3,1022.8,1018.7,1020.8,6.9,2020,2,14,2020-02
2020-02-15,5.5,5.5,5.5,9.8,6.2,15.6,5.0,2.7,37.0,63.0,1022.9,1011.9,1017.6,6.6,2020,2,15,2020-02
2020-02-16,5.5,5.5,5.5,-1.4,-4.3,7.7,6.6,4.0,59.0,81.1,1016.2,1011.4,1013.5,2.2,2020,2,16,2020-02
2020-02-17,60.4,25.0,36.1,-5.9,-7.1,-3.9,5.6,3.4,52.0,64.3,1023.3,1015.8,1018.4,0.3,2020,2,17,2020-02
2020-02-18,33.7,14.0,20.1,-4.1,-8.3,1.3,4.1,2.3,27.0,44.0,1029.9,1023.0,1027.7,-0.1,2020,2,18,2020-02
2020-02-19,26.7,11.0,15.9,1.0,-4.4,6.4,3.2,1.5,35.0,56.8,1031.3,1029.0,1030.2,1.8,2020,2,19,2020-02
2020-02-20,36.3,15.0,21.6,4.6,-0.6,10.8,3.3,1.7,35.0,62.6,1035.3,1030.8,1033.4,4.0,2020,2,20,2020-02
2020-02-21,36.3,15.0,21.6,6.7,2.1,10.9,5.3,2.2,40.0,66.3,1034.8,1022.1,1029.2,4.4,2020,2,21,2020-02
2020-02-22,36.3,15.0,21.6,4.0,0.0,7.9,8.2,4.0,40.0,62.0,1029.9,1021.4,1024.9,4.2,2020,2,22,2020-02
2020-02-23,36.3,15.0,21.6,2.5,-2.5,8.0,4.2,2.0,25.0,48.6,1031.2,1026.8,1029.0,3.6,2020,2,23,2020-02
2020-02-24,36.3,15.0,21.6,7.0,0.8,12.2,3.4,1.6,35.0,51.8,1027.5,1021.1,1024.1,6.1,2020,2,24,2020-02
2020-02-25,36.3,15.0,21.6,6.7,4.7,9.4,6.8,4.2,58.0,73.5,1021.1,1014.8,1017.9,6.0,2020,2,25,2020-02
2020-02-26,36.3,15.0,21.6,6.4,2.8,10.4,4.0,2.1,39.0,59.6,1026.2,1020.4,1023.3,5.4,2020,2,26,2020-02
2020-02-27,36.3,15.0,21.6,6.1,1.3,12.5,4.4,2.0,27.0,54.0,1029.7,1026.1,1027.7,6.0,2020,2,27,2020-02
2020-02-28,36.3,15.0,21.6,4.5,3.6,5.9,4.2,1.4,43.0,79.4,1026.7,1019.7,1022.5,4.7,2020,2,28,2020-02
2020-02-29,36.3,15.0,21.6,7.7,4.5,13.0,4.2,1.7,41.0,68.6,1019.7,1016.0,1018.2,8.4,2020,2,29,2020-02
2020-03-01,36.3,15.0,21.6,5.8,3.2,10.1,4.7,2.0,58.0,71.8,1020.0,1016.5,1018.5,5.5,2020,3,1,2020-03
2020-03-02,36.3,15.0,21.6,3.4,0.0,7.6,4.9,2.7,33.0,55.3,1026.4,1020.0,1023.8,5.0,2020,3,2,2020-03
2020-03-03,36.3,15.0,21.6,4.8,0.3,10.5,4.7,2.6,35.0,57.0,1026.3,1021.3,1023.9,3.7,2020,3,3,2020-03
2020-03-04,36.5,15.1,21.8,2.2,-1.3,4.6,6.8,3.7,32.0,53.4,1024.5,1020.4,1022.2,4.0,2020,3,4,2020-03
2020-03-05,36.3,15.0,21.6,1.4,-2.8,6.3,4.1,2.5,25.0,47.5,1027.5,1023.6,1025.3,3.8,2020,3,5,2020-03
2020-03-06,36.3,15.0,21.6,3.7,-2.5,10.1,3.6,1.6,16.0,46.8,1025.2,1019.5,1022.3,4.5,2020,3,6,2020-03
2020-03-07,36.3,15.0,21.7,7.0,1.3,14.2,4.1,2.0,18.0,39.5,1020.2,1015.6,1018.0,7.0,2020,3,7,2020-03
2020-03-08,36.7,15.2,21.9,9.3,2.3,16.9,4.6,1.6,20.0,43.8,1020.9,1016.5,1018.4,8.6,2020,3,8,2020-03
2020-03-09,36.3,15.0,21.7,11.1,4.8,17.6,4.5,1.8,20.0,37.6,1018.6,1010.5,1013.9,9.7,2020,3,9,2020-03
2020-03-10,36.3,15.0,21.6,6.4,3.2,10.8,5.3,2.8,40.0,78.4,1011.6,1005.2,1008.0,6.5,2020,3,10,2020-03
2020-03-11,36.3,15.0,21.6,3.8,0.0,8.3,5.5,3.3,24.0,41.8,1022.4,1011.6,1018.4,4.8,2020,3,11,2020-03
2020-03-12,36.3,15.0,21.6,6.8,0.2,13.3,5.4,2.5,19.0,49.8,1023.2,1018.5,1021.4,5.5,2020,3,12,2020-03
2020-03-13,36.3,15.0,21.6,4.9,-0.1,8.7,5.4,3.3,18.0,41.0,1024.3,1020.2,1021.9,7.7,2020,3,13,2020-03
2020-03-14,36.3,15.0,21.6,3.6,-2.7,8.6,6.8,3.0,25.0,48.1,1021.5,1011.8,1015.6,5.6,2020,3,14,2020-03
2020-03-15,36.3,15.0,21.6,4.0,0.2,8.5,7.8,3.6,19.0,48.3,1018.2,1008.4,1011.9,6.2,2020,3,15,2020-03
2020-03-16,36.3,15.0,21.6,3.6,-2.1,9.1,5.2,2.8,17.0,42.4,1024.7,1018.2,1022.1,6.1,2020,3,16,2020-03
2020-03-17,36.3,15.0,21.6,6.6,3.1,12.3,5.2,2.1,50.0,65.8,1020.9,1012.1,1015.5,7.5,2020,3,17,2020-03
2020-03-18,36.3,15.0,21.6,10.0,2.7,17.0,4.4,1.8,16.0,45.8,1017.1,1008.4,1012.9,9.8,2020,3,18,2020-03
2020-03-19,36.3,15.0,21.6,9.1,5.8,12.1,8.2,4.8,27.0,49.0,1012.7,1000.7,1005.9,9.9,2020,3,19,2020-03
2020-03-20,36.3,15.0,21.6,8.8,3.1,14.0,6.6,3.1,15.0,39.6,1015.4,1011.8,1013.7,9.9,2020,3,20,2020-03
2020-03-21,36.3,15.0,21.6,12.8,7.9,19.5,5.1,2.0,36.0,56.5,1014.2,1007.9,1011.5,13.9,2020,3,21,2020-03
2020-03-22,36.3,15.0,21.6,11.0,6.1,16.5,5.6,3.0,13.0,37.5,1017.8,1011.7,1014.4,13.6,2020,3,22,2020-03
2020-03-23,36.3,15.0,21.6,10.6,5.4,17.0,4.8,1.9,20.0,37.9,1018.6,1014.6,1017.1,12.6,2020,3,23,2020-03
2020-03-24,36.3,15.0,21.6,11.4,5.3,17.9,4.0,1.8,15.0,35.0,1022.0,1018.1,1020.2,13.2,2020,3,24,2020-03
2020-03-25,36.3,15.0,21.6,12.5,6.1,19.2,5.3,1.9,17.0,33.6,1022.2,1018.1,1020.1,13.9,2020,3,25,2020-03
2020-03-26,36.3,15.0,21.6,14.8,8.1,20.6,5.3,1.9,24.0,53.8,1019.0,1011.6,1015.1,13.5,2020,3,26,2020-03
2020-03-27,36.3,15.0,21.6,11.9,6.7,15.8,5.8,3.3,27.0,56.4,1020.7,1009.7,1013.4,14.4,2020,3,27,2020-03
2020-03-28,36.3,15.0,21.6,7.7,4.5,12.8,5.5,3.2,11.0,17.9,1024.0,1018.4,1021.3,10.8,2020,3,28,2020-03
2020-03-29,36.3,15.0,21.6,8.7,1.3,16.1,4.6,2.0,16.0,30.6,1024.2,1018.9,1021.4,11.8,2020,3,29,2020-03
2020-03-30,36.3,15.0,21.6,10.2,4.3,16.9,4.1,1.8,14.0,38.4,1022.2,1018.0,1020.5,13.3,2020,3,30,2020-03
2020-03-31,36.3,15.0,21.6,11.9,4.7,18.6,4.4,2.0,15.0,34.5,1020.9,1014.3,1017.3,14.5,2020,3,31,2020-03
2020-04-01,36.3,15.0,21.6,11.3,6.0,17.4,7.3,3.7,17.0,35.6,1020.3,1011.5,1014.8,15.0,2020,4,1,2020-04
2020-04-02,36.3,15.0,21.6,9.3,3.4,15.5,5.5,2.3,15.0,41.4,1023.5,1020.1,1022.0,13.1,2020,4,2,2020-04
2020-04-03,36.3,15.0,21.6,10.0,5.3,16.3,5.7,2.7,23.0,53.8,1023.6,1018.4,1020.9,14.2,2020,4,3,2020-04
2020-04-04,36.3,15.0,21.6,8.9,5.0,13.3,6.3,3.4,10.0,36.4,1022.5,1017.0,1019.0,13.8,2020,4,4,2020-04
2020-04-05,36.3,15.0,21.6,7.2,1.9,13.7,5.4,2.8,13.0,29.5,1023.8,1020.2,1022.3,12.4,2020,4,5,2020-04
2020-04-06,36.3,15.0,21.6,9.3,2.9,16.1,5.9,2.4,18.0,38.3,1022.9,1017.7,1020.4,13.8,2020,4,6,2020-04
2020-04-07,36.3,15.0,21.6,10.6,6.0,16.8,5.1,2.5,32.0,56.6,1019.3,1013.0,1015.7,14.8,2020,4,7,2020-04
2020-04-08,36.3,15.0,21.6,9.4,5.2,14.2,5.9,3.5,13.0,25.5,1021.2,1015.5,1018.2,14.3,2020,4,8,2020-04
2020-04-09,36.3,15.0,21.6,8.9,4.3,14.7,5.7,2.8,30.0,44.6,1024.7,1020.3,1022.0,14.0,2020,4,9,2020-04
2020-04-10,36.3,15.0,21.6,10.7,5.8,16.8,4.1,2.4,32.0,52.6,1026.4,1022.3,1024.5,17.0,2020,4,10,2020-04
2020-04-11,36.3,15.0,21.6,9.9,6.2,16.0,4.9,2.5,39.0,63.8,1024.1,1016.6,1019.6,15.6,2020,4,11,2020-04
2020-04-12,36.3,15.0,21.6,9.9,4.4,15.6,7.4,3.8,39.0,58.6,1016.7,1013.2,1014.8,13.2,2020,4,12,2020-04
2020-04-13,36.3,15.0,21.6,12.4,4.3,20.4,5.5,3.1,16.0,39.4,1015.8,1011.8,1014.2,18.0,2020,4,13,2020-04
2020-04-14,36.3,15.0,21.6,13.0,7.6,19.6,5.3,2.4,23.0,46.8,1018.0,1014.8,1016.5,18.7,2020,4,14,2020-04
2020-04-15,36.3,15.0,21.6,13.2,7.2,20.2,5.6,2.2,25.0,39.8,1017.1,1012.5,1014.9,17.5,2020,4,15,2020-04
2020-04-16,36.3,15.0,21.6,16.0,8.9,23.8,4.5,2.3,23.0,39.9,1018.7,1013.3,1016.2,20.1,2020,4,16,2020-04
2020-04-17,36.3,15.0,21.6,12.5,10.4,15.4,4.8,2.4,45.0,77.8,1016.4,1010.3,1012.5,12.1,2020,4,17,2020-04
2020-04-18,36.3,15.0,21.6,13.5,8.5,19.6,4.8,2.6,44.0,67.9,1019.2,1011.6,1016.1,18.1,2020,4,18,2020-04
2020-04-19,36.3,15.0,21.6,12.3,9.5,15.5,5.2,2.7,51.0,75.8,1018.8,1010.3,1014.4,12.5,2020,4,19,2020-04
2020-04-20,36.3,15.0,21.6,10.0,7.6,13.1,6.8,3.3,56.0,73.0,1013.9,1009.0,1010.9,10.2,2020,4,20,2020-04
2020-04-21,36.3,15.0,21.6,7.4,4.8,10.4,8.9,4.4,29.0,49.0,1017.2,1012.7,1014.3,12.2,2020,4,21,2020-04
2020-04-22,36.3,15.0,21.6,6.0,4.1,8.3,6.4,4.0,35.0,46.8,1018.1,1015.2,1016.5,9.8,2020,4,22,2020-04
2020-04-23,36.3,15.0,21.6,7.9,2.9,12.8,7.9,3.7,28.0,47.8,1018.1,1013.4,1016.0,12.7,2020,4,23,2020-04
2020-04-24,36.3,15.0,21.6,9.9,4.1,14.3,8.2,3.9,29.0,55.6,1016.6,1011.4,1013.4,14.5,2020,4,24,2020-04
2020-04-25,54.7,22.7,32.7,13.1,9.9,17.1,7.8,3.9,45.0,54.4,1013.8,1007.2,1009.5,15.7,2020,4,25,2020-04
2020-04-26,60.7,25.1,36.2,12.3,6.8,19.0,6.5,3.2,20.0,43.1,1020.0,1013.8,1017.2,18.3,2020,4,26,2020-04
2020-04-27,71.7,29.7,42.8,12.9,8.7,18.3,5.5,2.8,25.0,49.8,1021.0,1017.9,1019.6,17.1,2020,4,27,2020-04
2020-04-28,68.8,28.5,41.1,13.9,7.8,19.9,5.5,3.0,26.0,50.0,1022.1,1017.3,1019.6,20.1,2020,4,28,2020-04
2020-04-29,36.3,15.0,21.6,14.9,9.3,21.0,5.2,2.6,25.0,48.6,1020.9,1017.8,1019.2,21.1,2020,4,29,2020-04
2020-04-30,74.7,31.0,44.6,17.1,9.3,23.4,5.9,2.7,41.0,57.1,1018.9,1012.2,1015.8,23.0,2020,4,30,2020-04
2020-05-01,78.7,32.6,47.0,20.2,16.4,26.2,5.5,2.7,54.0,73.6,1014.3,1010.6,1012.9,25.7,2020,5,1,2020-05
2020-05-02,88.3,36.6,52.7,20.3,18.0,23.9,4.6,2.3,62.0,79.6,1013.6,1008.3,1011.2,22.7,2020,5,2,2020-05
2020-05-03,103.7,43.0,62.0,21.8,17.0,27.4,3.9,2.0,46.0,68.8,1008.5,1003.0,1005.8,26.7,2020,5,3,2020-05
2020-05-04,104.3,43.2,62.3,20.2,14.8,25.3,4.6,2.7,44.0,63.9,1011.0,1005.0,1008.0,28.9,2020,5,4,2020-05
2020-05-05,112.7,46.7,67.3,16.0,13.1,19.3,5.3,1.9,54.0,67.9,1013.5,1010.5,1011.6,17.1,2020,5,5,2020-05
2020-05-06,103.7,43.0,62.0,19.4,11.1,27.6,4.4,2.1,19.0,50.0,1015.7,1010.7,1013.7,26.5,2020,5,6,2020-05
2020-05-07,36.3,15.0,21.6,20.7,14.9,26.5,4.3,2.5,20.0,32.5,1018.8,1015.3,1017.1,25.7,2020,5,7,2020-05
2020-05-08,99.5,41.2,59.4,19.9,14.3,27.3,4.5,2.4,11.0,32.8,1016.9,1011.9,1014.4,27.3,2020,5,8,2020-05
2020-05-09,106.5,44.1,63.6,14.2,12.7,16.8,5.9,3.6,76.0,94.4,1013.9,1001.6,1004.9,15.1,2020,5,9,2020-05
2020-05-10,102.1,42.3,61.0,14.4,12.8,16.6,4.1,2.5,78.0,88.6,1010.1,1004.3,1007.1,15.7,2020,5,10,2020-05
2020-05-11,75.9,31.5,45.3,16.5,12.4,22.0,5.6,3.0,27.0,61.0,1009.9,1005.3,1007.8,20.2,2020,5,11,2020-05
2020-05-12,76.7,31.8,45.8,14.3,10.5,18.9,5.4,2.9,47.0,69.4,1011.0,1002.7,1005.2,17.6,2020,5,12,2020-05
2020-05-13,85.6,35.5,51.1,16.1,10.2,21.8,6.5,2.8,24.0,47.3,1017.8,1011.1,1015.3,20.5,2020,5,13,2020-05
2020-05-14,36.3,15.0,21.6,19.3,12.4,25.4,4.3,2.0,20.0,35.4,1018.9,1012.7,1016.0,21.8,2020,5,14,2020-05
2020-05-15,83.8,34.7,50.1,16.1,14.1,20.2,5.3,3.0,34.0,81.4,1013.6,1005.8,1008.8,15.9,2020,5,15,2020-05
2020-05-16,99.0,41.0,59.1,16.7,15.0,20.3,3.3,1.6,74.0,90.3,1008.2,1005.0,1006.7,18.3,2020,5,16,2020-05
2020-05-17,83.8,34.7,50.1,19.1,14.6,24.9,4.3,1.7,58.0,80.1,1007.8,1002.9,1005.2,21.2,2020,5,17,2020-05
2020-05-18,86.5,35.8,51.6,19.1,13.2,26.8,7.2,2.4,46.0,79.4,1003.8,992.0,998.2,21.6,2020,5,18,2020-05
2020-05-19,98.0,40.6,58.5,13.0,10.1,17.1,7.2,3.2,52.0,73.6,1008.5,996.9,1000.8,16.1,2020,5,19,2020-05
2020-05-20,98.0,40.6,58.5,14.4,9.2,20.1,3.0,1.9,46.0,60.4,1014.7,1008.5,1011.8,17.3,2020,5,20,2020-05
2020-05-21,71.3,29.6,42.6,17.4,10.9,22.9,3.3,2.1,40.0,56.1,1016.4,1012.5,1014.5,20.5,2020,5,21,2020-05
2020-05-22,76.7,31.8,45.8,18.5,14.8,22.7,4.9,1.9,55.0,68.5,1015.1,1009.8,1012.7,20.0,2020,5,22,2020-05
2020-05-23,89.7,37.2,53.6,20.1,16.6,25.0,4.7,2.2,44.0,66.1,1012.3,1008.8,1011.0,23.3,2020,5,23,2020-05
2020-05-24,95.0,39.4,56.7,17.1,14.3,20.2,6.5,2.9,70.0,84.8,1012.8,1006.1,1009.6,19.0,2020,5,24,2020-05
2020-05-25,103.2,42.8,61.6,16.6,13.7,21.3,3.8,2.1,62.0,81.0,1013.8,1010.6,1012.3,20.3,2020,5,25,2020-05
2020-05-26,88.3,36.6,52.7,16.2,12.7,22.9,5.4,2.1,47.0,81.9,1012.4,1007.2,1009.5,19.2,2020,5,26,2020-05
2020-05-27,86.0,35.7,51.4,17.4,11.8,23.9,5.9,2.6,31.0,68.5,1011.0,1007.7,1009.3,21.4,2020,5,27,2020-05
2020-05-28,84.3,34.9,50.3,18.7,14.2,23.4,3.9,1.9,38.0,62.8,1012.2,1008.3,1009.6,20.5,2020,5,28,2020-05
2020-05-29,89.9,37.3,53.7,20.7,14.6,27.6,4.1,2.0,38.0,65.6,1016.9,1012.2,1014.8,24.3,2020,5,29,2020-05
2020-05-30,98.3,40.8,58.7,22.6,16.5,30.0,4.3,1.9,29.0,57.3,1018.7,1013.6,1016.0,27.6,2020,5,30,2020-05
2020-05-31,106.6,44.2,63.7,21.2,17.6,28.0,5.7,2.3,39.0,63.0,1015.4,1008.6,1011.3,25.7,2020,5,31,2020-05
2020-06-01,117.9,48.9,70.4,19.7,16.6,24.5,6.2,3.4,37.0,64.3,1010.5,1008.5,1009.6,26.6,2020,6,1,2020-06
2020-06-02,109.4,45.3,65.3,17.9,14.8,21.8,4.1,2.2,43.0,71.0,1011.3,1004.7,1007.3,18.3,2020,6,2,2020-06
2020-06-03,101.1,41.9,60.4,22.0,17.6,28.4,5.6,2.4,47.0,73.3,1005.7,1000.6,1003.7,27.1,2020,6,3,2020-06
2020-06-04,92.0,38.1,55.0,21.9,19.7,26.5,4.7,2.7,57.0,81.1,1006.6,1002.6,1003.9,26.8,2020,6,4,2020-06
2020-06-05,115.3,47.8,68.9,23.0,18.4,28.7,3.8,1.8,45.0,69.4,1008.3,1005.1,1007.0,29.8,2020,6,5,2020-06
2020-06-06,113.6,47.1,67.9,24.6,19.2,30.9,4.4,2.0,38.0,63.6,1010.0,1005.9,1007.9,31.4,2020,6,6,2020-06
2020-06-07,120.0,49.7,71.7,22.7,19.2,29.2,5.1,2.3,44.0,69.4,1013.2,1009.8,1011.7,30.2,2020,6,7,2020-06
2020-06-08,134.4,55.7,80.3,25.0,19.8,32.0,5.5,2.1,40.0,63.6,1016.2,1012.6,1014.4,32.7,2020,6,8,2020-06
2020-06-09,120.4,49.9,71.9,26.7,20.3,32.8,4.3,2.3,34.0,51.6,1015.9,1012.2,1014.0,34.1,2020,6,9,2020-06
2020-06-10,133.2,55.2,79.5,25.8,22.5,32.1,6.2,2.0,41.0,63.8,1013.4,1005.3,1008.6,32.8,2020,6,10,2020-06
2020-06-11,145.5,60.3,86.9,26.1,21.7,31.6,4.6,2.2,38.0,68.3,1005.4,1000.8,1003.3,30.1,2020,6,11,2020-06
2020-06-12,138.8,57.6,82.9,24.7,21.6,27.6,3.0,1.7,49.0,68.6,1005.7,1003.7,1004.8,25.8,2020,6,12,2020-06
2020-06-13,141.0,58.5,84.2,26.9,20.6,33.5,5.0,1.9,27.0,52.8,1005.9,1001.9,1003.9,34.6,2020,6,13,2020-06
2020-06-14,133.0,55.1,79.5,24.0,20.1,28.8,5.9,2.9,41.0,70.6,1007.2,1002.3,1004.0,29.6,2020,6,14,2020-06
2020-06-15,147.0,60.9,87.8,23.0,18.2,28.6,6.3,2.8,31.0,62.3,1008.1,1004.1,1006.1,31.1,2020,6,15,2020-06
2020-06-16,126.6,52.5,75.6,24.4,20.0,30.7,4.4,2.2,37.0,63.0,1007.0,1003.4,1005.5,32.2,2020,6,16,2020-06
2020-06-17,120.0,49.7,71.7,24.3,20.2,30.3,4.3,2.0,37.0,58.6,1006.1,1003.3,1005.0,31.1,2020,6,17,2020-06
2020-06-18,129.1,53.5,77.1,23.4,20.3,27.3,3.4,1.6,47.0,61.4,1005.6,1000.9,1002.8,26.7,2020,6,18,2020-06
2020-06-19,128.4,53.2,76.7,24.7,21.1,30.0,4.2,2.1,45.0,61.4,1009.5,1002.8,1006.1,29.6,2020,6,19,2020-06
2020-06-20,122.5,50.8,73.2,24.9,20.7,29.7,4.6,2.1,48.0,62.6,1011.3,1008.0,1009.8,31.9,2020,6,20,2020-06
2020-06-21,131.2,54.4,78.4,26.1,19.5,32.7,4.5,2.0,39.0,59.5,1009.9,1005.0,1007.7,34.1,2020,6,21,2020-06
2020-06-22,132.5,54.9,79.2,28.6,21.7,35.4,4.1,2.0,26.0,50.5,1008.7,1006.1,1007.6,36.3,2020,6,22,2020-06
2020-06-23,141.3,58.6,84.4,27.3,23.2,31.0,3.7,1.9,42.0,53.5,1009.6,1006.4,1007.9,32.1,2020,6,23,2020-06
2020-06-24,160.6,66.6,95.9,22.3,19.9,26.3,5.7,2.7,55.0,83.5,1006.4,1000.7,1002.9,22.7,2020,6,24,2020-06
2020-06-25,150.1,62.2,89.7,21.6,20.1,23.4,4.3,2.2,79.0,91.0,1003.3,1000.7,1001.6,23.0,2020,6,25,2020-06
2020-06-26,115.7,48.0,69.1,21.8,19.2,25.7,5.3,3.2,63.0,82.1,1008.3,1003.1,1006.2,22.9,2020,6,26,2020-06
2020-06-27,111.6,46.3,66.6,24.1,20.4,29.6,5.4,2.0,52.0,70.4,1008.2,1003.0,1005.2,25.2,2020,6,27,2020-06
2020-06-28,112.7,46.7,67.3,25.2,21.5,30.1,4.7,2.4,49.0,70.5,1006.1,1003.2,1004.3,28.6,2020,6,28,2020-06
2020-06-29,127.1,52.7,75.9,23.8,20.6,26.5,5.9,2.4,64.0,77.0,1006.1,993.0,1001.5,23.9,2020,6,29,2020-06
2020-06-30,134.6,55.8,80.4,20.1,18.4,23.1,7.6,4.0,63.0,83.0,1001.0,989.4,994.0,20.8,2020,6,30,2020-06
2020-07-01,125.9,52.2,75.2,21.1,18.1,24.3,3.7,1.9,67.0,79.3,1008.9,1001.0,1004.8,21.3,2020,7,1,2020-07
2020-07-02,103.2,42.8,61.6,24.2,20.4,29.8,3.4,1.9,51.0,74.5,1012.9,1008.8,1010.7,24.5,2020,7,2,2020-07
2020-07-03,108.7,45.1,64.9,25.5,21.6,30.6,6.1,2.6,34.0,63.5,1012.6,1007.7,1010.3,28.6,2020,7,3,2020-07
2020-07-04,127.7,53.0,76.3,24.2,20.4,29.5,4.4,2.1,39.0,63.9,1009.8,1005.0,1006.7,28.2,2020,7,4,2020-07
2020-07-05,36.3,15.0,21.7,23.8,19.9,27.6,3.5,1.9,52.0,68.6,1006.6,1001.8,1004.2,26.7,2020,7,5,2020-07
2020-07-06,127.7,53.0,76.3,25.6,21.8,30.9,4.7,2.1,46.0,66.6,1002.6,998.6,1000.8,28.5,2020,7,6,2020-07
2020-07-07,125.1,51.9,74.7,24.1,22.1,28.1,4.0,2.5,59.0,75.5,1005.5,1001.9,1004.0,28.3,2020,7,7,2020-07
2020-07-08,137.4,57.0,82.1,25.5,21.3,30.4,3.7,2.0,52.0,71.9,1005.4,1002.7,1004.4,30.5,2020,7,8,2020-07
2020-07-09,127.1,52.7,75.9,27.5,21.8,32.9,3.6,1.7,38.0,64.6,1005.0,1001.7,1003.6,31.9,2020,7,9,2020-07
2020-07-10,136.7,56.7,81.7,24.5,22.7,27.7,6.6,2.8,60.0,75.0,1003.6,1000.4,1002.2,25.2,2020,7,10,2020-07
2020-07-11,151.7,62.9,90.6,25.8,22.2,30.2,5.0,2.6,49.0,62.6,1009.9,1002.9,1007.1,29.7,2020,7,11,2020-07
2020-07-12,129.8,53.8,77.5,23.5,21.7,26.0,3.6,2.4,58.0,71.9,1011.0,1007.0,1009.1,25.3,2020,7,12,2020-07
2020-07-13,138.8,57.6,82.9,18.7,17.7,21.7,5.9,4.0,86.0,94.8,1007.1,1001.2,1002.9,20.1,2020,7,13,2020-07
2020-07-14,123.2,51.1,73.6,20.3,17.2,24.3,4.4,2.8,62.0,79.4,1005.6,1001.2,1003.8,22.6,2020,7,14,2020-07
2020-07-15,37.6,15.6,22.5,23.4,18.9,28.7,3.4,2.0,40.0,63.1,1006.5,1003.4,1005.3,26.4,2020,7,15,2020-07
2020-07-16,105.7,43.8,63.1,25.0,20.4,29.7,3.5,1.8,55.0,70.9,1008.1,1004.9,1006.7,27.4,2020,7,16,2020-07
2020-07-17,122.8,50.9,73.3,26.0,21.5,31.6,5.6,1.9,52.0,72.0,1009.1,1006.6,1008.0,28.3,2020,7,17,2020-07
2020-07-18,133.2,55.2,79.5,26.1,22.8,31.0,4.0,1.6,54.0,71.6,1009.3,1006.6,1008.1,27.9,2020,7,18,2020-07
2020-07-19,140.3,58.2,83.8,24.0,20.6,26.6,4.3,2.7,62.0,81.6,1008.5,1002.1,1004.6,22.9,2020,7,19,2020-07
2020-07-20,142.7,59.2,85.2,23.8,22.4,26.6,7.0,3.7,77.0,86.3,1010.8,1001.0,1005.6,23.8,2020,7,20,2020-07
2020-07-21,134.9,55.9,80.6,25.0,21.4,30.5,4.2,1.6,51.0,77.0,1013.0,1010.3,1011.6,25.6,2020,7,21,2020-07
2020-07-22,125.1,51.9,74.7,23.7,22.6,25.7,3.4,1.6,81.0,89.3,1011.3,1008.4,1009.7,24.0,2020,7,22,2020-07
2020-07-23,133.2,55.2,79.5,21.1,18.5,22.6,8.3,3.6,89.0,95.5,1010.4,999.6,1005.5,21.8,2020,7,23,2020-07
2020-07-24,124.5,51.6,74.4,22.5,18.7,26.8,8.7,4.6,61.0,74.3,1000.7,997.6,999.0,21.2,2020,7,24,2020-07
2020-07-25,108.9,45.1,65.0,24.3,22.3,29.0,6.1,3.1,56.0,69.3,1006.8,1000.5,1003.3,23.9,2020,7,25,2020-07
2020-07-26,116.9,48.5,69.8,25.4,21.6,29.6,3.3,2.0,56.0,69.3,1008.4,1006.0,1007.0,25.6,2020,7,26,2020-07
2020-07-27,128.4,53.2,76.7,24.3,22.9,25.5,3.2,2.2,80.0,86.4,1009.3,1007.4,1008.4,25.2,2020,7,27,2020-07
2020-07-28,136.0,56.4,81.2,24.4,22.7,26.4,3.1,2.0,71.0,84.8,1011.5,1008.4,1010.3,25.0,2020,7,28,2020-07
2020-07-29,128.4,53.2,76.7,23.7,22.6,24.9,3.4,2.0,89.0,95.8,1012.7,1010.4,1011.7,23.9,2020,7,29,2020-07
2020-07-30,129.1,53.5,77.1,25.3,23.4,28.4,3.8,2.1,68.0,85.5,1014.4,1011.5,1013.1,26.9,2020,7,30,2020-07
2020-07-31,124.7,51.7,74.5,26.2,22.8,29.6,4.6,2.0,69.0,81.9,1015.1,1012.3,1013.7,27.2,2020,7,31,2020-07
2020-08-01,135.3,56.1,80.8,25.3,24.3,26.9,4.9,1.7,82.0,90.9,1013.1,1007.7,1010.3,25.7,2020,8,1,2020-08
2020-08-02,142.2,58.9,84.9,24.9,23.5,26.4,7.5,2.3,90.0,96.3,1009.1,1005.4,1007.5,25.2,2020,8,2,2020-08
2020-08-03,141.9,58.8,84.7,25.0,23.9,26.3,8.3,3.0,89.0,96.3,1010.2,1005.5,1008.1,25.1,2020,8,3,2020-08
2020-08-04,134.0,55.6,80.1,27.0,25.0,29.4,5.7,3.5,77.0,89.3,1012.8,1008.9,1010.6,26.9,2020,8,4,2020-08
2020-08-05,133.2,55.2,79.5,26.5,25.5,29.1,4.6,1.9,81.0,92.1,1012.7,1007.2,1010.5,26.7,2020,8,5,2020-08
2020-08-06,147.8,61.3,88.3,24.1,22.9,26.0,6.5,3.3,83.0,92.8,1008.7,1000.5,1005.1,24.8,2020,8,6,2020-08
2020-08-07,144.0,59.7,86.0,24.3,22.6,26.1,3.3,1.8,71.0,85.3,1009.2,1004.5,1006.6,24.8,2020,8,7,2020-08
2020-08-08,127.1,52.7,75.9,24.2,22.7,26.1,3.7,2.3,77.0,89.5,1004.7,1001.3,1002.9,24.9,2020,8,8,2020-08
2020-08-09,132.2,54.8,79.0,24.9,23.7,25.8,6.8,2.6,89.0,95.4,1003.4,1001.4,1002.2,24.3,2020,8,9,2020-08
2020-08-10,128.2,53.1,76.6,26.5,24.7,29.5,4.3,2.0,78.0,91.6,1004.7,1001.7,1003.4,26.4,2020,8,10,2020-08
2020-08-11,132.5,54.9,79.1,24.6,22.4,27.3,4.7,2.2,79.0,92.5,1012.6,1003.7,1009.3,25.2,2020,8,11,2020-08
2020-08-12,145.6,60.4,87.0,27.2,23.5,31.3,4.3,1.9,68.0,83.9,1013.7,1010.9,1012.4,28.3,2020,8,12,2020-08
2020-08-13,144.6,59.9,86.4,28.0,26.3,30.3,4.9,2.5,74.0,82.4,1012.4,1006.2,1008.9,27.4,2020,8,13,2020-08
2020-08-14,149.7,62.1,89.5,27.1,26.5,28.0,5.7,3.5,81.0,86.1,1006.9,1004.4,1005.5,26.3,2020,8,14,2020-08
2020-08-15,155.7,64.5,93.0,26.1,25.0,27.0,5.6,1.9,92.0,96.0,1010.1,1006.1,1008.4,25.9,2020,8,15,2020-08
2020-08-16,148.5,61.6,88.7,27.4,25.3,30.8,5.2,3.0,66.0,82.6,1012.1,1009.6,1010.6,27.9,2020,8,16,2020-08
2020-08-17,141.3,58.6,84.4,28.2,26.1,32.2,4.1,2.3,61.0,77.9,1014.8,1012.0,1013.4,29.0,2020,8,17,2020-08
2020-08-18,150.9,62.6,90.2,27.5,24.0,31.9,3.6,1.6,56.0,76.3,1014.7,1010.9,1012.9,29.1,2020,8,18,2020-08
2020-08-19,165.4,68.6,98.8,27.1,23.6,31.4,4.4,2.0,61.0,76.8,1012.9,1009.3,1011.3,28.6,2020,8,19,2020-08
2020-08-20,151.7,62.9,90.6,27.7,25.0,31.7,4.2,1.7,58.0,76.0,1013.4,1010.2,1012.1,27.6,2020,8,20,2020-08
2020-08-21,148.8,61.7,88.9,26.6,25.2,29.2,3.5,1.6,75.0,83.1,1014.5,1012.8,1013.7,27.6,2020,8,21,2020-08
2020-08-22,159.4,66.1,95.2,24.3,21.7,27.6,5.5,2.1,78.0,87.4,1013.9,1010.3,1012.2,25.2,2020,8,22,2020-08
2020-08-23,149.3,61.9,89.2,25.3,21.5,29.9,3.9,1.9,59.0,78.4,1010.8,1006.4,1008.4,27.2,2020,8,23,2020-08
2020-08-24,142.3,59.0,85.0,27.8,23.7,32.0,4.9,2.2,54.0,71.6,1007.5,1003.2,1004.8,28.6,2020,8,24,2020-08
2020-08-25,135.8,56.3,81.1,29.9,26.0,34.5,4.6,2.1,49.0,69.5,1006.0,1003.3,1004.5,30.5,2020,8,25,2020-08
2020-08-26,156.9,65.1,93.7,30.2,27.0,34.5,6.5,3.4,53.0,68.3,1005.7,997.5,1001.7,29.3,2020,8,26,2020-08
2020-08-27,185.3,76.8,110.7,27.1,25.6,28.6,7.0,3.6,70.0,84.6,1005.7,993.8,1000.9,27.2,2020,8,27,2020-08
2020-08-28,174.5,72.4,104.3,27.3,26.0,29.7,4.4,1.6,77.0,89.1,1009.0,1005.3,1007.0,28.1,2020,8,28,2020-08
2020-08-29,151.4,62.8,90.4,26.8,25.5,29.0,4.0,1.3,77.0,90.1,1010.5,1007.6,1008.9,28.7,2020,8,29,2020-08
2020-08-30,157.8,65.4,94.3,26.8,24.4,30.6,4.8,2.1,74.0,88.8,1013.3,1009.7,1011.3,28.1,2020,8,30,2020-08
2020-08-31,152.9,63.4,91.3,26.4,23.8,30.0,4.3,2.8,67.0,77.9,1013.5,1010.3,1012.1,27.2,2020,8,31,2020-08
2020-09-01,161.1,66.8,96.3,26.6,23.8,29.5,3.6,1.9,62.0,72.4,1011.9,1007.4,1009.1,27.0,2020,9,1,2020-09
2020-09-02,143.2,59.4,85.6,24.3,22.6,26.4,4.0,2.3,79.0,91.3,1008.0,994.7,1003.4,25.3,2020,9,2,2020-09
2020-09-03,144.7,60.0,86.5,22.7,20.0,25.6,9.8,4.8,63.0,82.0,1007.7,986.3,997.0,24.0,2020,9,3,2020-09
2020-09-04,128.5,53.3,76.7,23.3,19.9,27.5,5.6,2.7,39.0,63.9,1014.6,1007.6,1012.0,23.7,2020,9,4,2020-09
2020-09-05,126.6,52.5,75.6,23.3,19.2,27.3,3.5,2.0,53.0,66.6,1015.1,1011.9,1013.4,23.4,2020,9,5,2020-09
2020-09-06,121.9,50.5,72.8,21.7,19.5,24.4,4.8,2.7,62.0,80.0,1013.2,1004.2,1009.1,22.7,2020,9,6,2020-09
2020-09-07,121.9,50.5,72.8,19.2,17.5,20.6,7.9,4.2,84.0,93.5,1004.2,984.7,992.8,20.1,2020,9,7,2020-09
2020-09-08,112.2,46.5,67.0,23.4,20.6,26.5,7.0,4.2,50.0,71.5,1012.2,998.8,1008.5,23.1,2020,9,8,2020-09
2020-09-09,98.5,40.8,58.8,21.1,19.0,25.3,7.6,2.1,65.0,83.4,1012.0,1007.7,1009.7,22.2,2020,9,9,2020-09
2020-09-10,122.5,50.8,73.2,22.8,18.8,27.0,4.2,2.0,49.0,75.8,1011.5,1007.6,1009.0,24.4,2020,9,10,2020-09
2020-09-11,109.0,45.2,65.1,22.4,19.2,27.1,4.9,2.8,47.0,72.6,1016.6,1011.5,1014.4,22.7,2020,9,11,2020-09
2020-09-13,116.3,48.2,69.5,21.5,16.7,26.6,3.5,1.9,52.0,70.4,1017.2,1013.7,1015.6,24.1,2020,9,13,2020-09
2020-09-14,103.7,43.0,62.0,21.3,17.6,24.9,4.3,1.8,62.0,79.3,1015.3,1012.4,1014.3,22.8,2020,9,14,2020-09
2020-09-15,111.0,46.0,66.3,23.0,18.9,27.7,3.3,1.6,50.0,76.4,1014.8,1010.6,1012.4,23.9,2020,9,15,2020-09
2020-09-16,109.9,45.6,65.7,22.5,21.3,24.9,3.4,1.9,70.0,79.9,1010.9,1007.6,1009.4,22.2,2020,9,16,2020-09
2020-09-17,121.1,50.2,72.3,21.3,20.1,23.6,3.7,2.1,47.0,70.3,1011.1,1008.9,1010.1,21.5,2020,9,17,2020-09
2020-09-18,118.5,49.1,70.8,21.5,18.1,25.8,6.0,2.8,35.0,62.0,1015.1,1010.6,1012.6,22.4,2020,9,18,2020-09
2020-09-19,111.4,46.2,66.5,21.2,17.6,26.2,5.3,2.2,27.0,59.3,1016.2,1013.2,1014.8,21.8,2020,9,19,2020-09
2020-09-20,115.8,48.0,69.2,19.7,15.6,24.9,4.9,2.0,33.0,57.6,1018.6,1015.5,1016.9,21.2,2020,9,20,2020-09
2020-09-21,109.3,45.3,65.3,19.1,13.6,25.3,2.9,1.7,33.0,56.1,1019.9,1016.4,1018.1,20.6,2020,9,21,2020-09
2020-09-22,101.1,41.9,60.4,20.2,15.5,25.6,4.6,2.8,35.0,55.3,1020.4,1016.5,1018.6,21.8,2020,9,22,2020-09
2020-09-23,101.3,42.0,60.5,19.2,15.2,23.8,5.3,3.3,50.0,59.9,1019.4,1016.8,1018.2,20.8,2020,9,23,2020-09
2020-09-24,106.9,44.3,63.8,20.6,16.8,25.4,5.7,3.7,49.0,59.6,1017.8,1013.1,1015.2,22.0,2020,9,24,2020-09
2020-09-25,98.5,40.8,58.8,20.1,16.6,25.4,4.9,2.5,49.0,64.1,1015.7,1011.8,1013.6,21.5,2020,9,25,2020-09
2020-09-26,105.9,43.9,63.3,19.3,14.8,24.8,6.2,2.4,45.0,62.5,1018.9,1015.1,1016.7,20.4,2020,9,26,2020-09
2020-09-27,103.9,43.1,62.0,20.4,14.9,25.8,3.9,2.0,43.0,63.3,1020.2,1016.4,1018.4,21.4,2020,9,27,2020-09
2020-09-28,105.2,43.6,62.9,20.7,15.7,26.5,3.6,2.0,40.0,66.0,1018.8,1014.2,1016.4,22.0,2020,9,28,2020-09
2020-09-29,104.8,43.5,62.6,19.6,15.3,23.9,4.3,1.9,43.0,67.6,1015.0,1009.2,1011.6,20.7,2020,9,29,2020-09
2020-09-30,106.6,44.2,63.7,19.6,16.2,25.7,4.1,1.7,48.0,78.0,1012.0,1009.0,1010.6,21.1,2020,9,30,2020-09
2020-10-01,100.9,41.8,60.3,18.8,15.6,23.6,4.7,2.1,58.0,74.9,1014.7,1011.8,1013.3,19.6,2020,10,1,2020-10
2020-10-02,100.7,41.7,60.1,19.2,16.3,21.9,5.2,2.3,63.0,79.6,1015.4,1013.7,1014.6,18.5,2020,10,2,2020-10
2020-10-03,97.0,40.2,57.9,19.9,18.3,23.2,3.6,1.6,46.0,72.5,1017.0,1013.6,1014.8,19.8,2020,10,3,2020-10
2020-10-04,98.5,40.8,58.8,16.6,10.6,21.8,7.2,2.8,42.0,65.1,1016.1,1008.8,1012.7,17.8,2020,10,4,2020-10
2020-10-05,102.1,42.3,61.0,13.3,8.5,18.4,5.1,2.5,40.0,57.3,1020.5,1016.1,1018.2,14.5,2020,10,5,2020-10
2020-10-06,86.0,35.7,51.4,14.2,9.3,19.7,4.1,2.0,34.0,55.9,1024.9,1020.5,1022.5,14.6,2020,10,6,2020-10
2020-10-07,72.5,30.0,43.3,16.0,9.9,22.0,3.4,1.9,24.0,48.9,1027.7,1023.9,1026.0,14.9,2020,10,7,2020-10
2020-10-08,36.3,15.0,21.6,17.2,12.1,23.1,5.4,3.1,35.0,53.0,1029.0,1024.6,1026.9,15.9,2020,10,8,2020-10
2020-10-09,36.3,15.0,21.6,17.2,12.4,23.3,5.2,3.0,42.0,53.4,1026.9,1020.5,1023.4,16.6,2020,10,9,2020-10
2020-10-10,36.3,15.0,21.6,16.9,12.3,21.5,3.8,2.0,41.0,60.1,1022.3,1017.0,1019.8,16.6,2020,10,10,2020-10
2020-10-11,36.3,15.0,21.6,16.9,12.7,20.8,4.1,1.8,52.0,68.5,1018.5,1013.8,1016.2,16.1,2020,10,11,2020-10
2020-10-12,36.3,15.0,21.6,16.2,12.1,21.3,4.6,2.2,48.0,68.6,1018.0,1013.5,1015.3,16.8,2020,10,12,2020-10
2020-10-13,36.3,15.0,21.6,13.6,8.6,18.4,4.7,2.2,30.0,52.3,1023.1,1018.0,1021.0,14.2,2020,10,13,2020-10
2020-10-14,36.3,15.0,21.6,12.8,8.5,18.0,5.8,2.4,20.0,47.0,1026.7,1022.8,1025.0,14.3,2020,10,14,2020-10
2020-10-15,36.3,15.0,21.6,11.7,6.5,18.5,3.7,1.5,27.0,41.8,1028.0,1024.1,1026.2,13.1,2020,10,15,2020-10
2020-10-16,36.3,15.0,21.6,11.8,8.6,15.4,2.5,1.5,48.0,64.3,1026.3,1021.9,1024.1,12.5,2020,10,16,2020-10
2020-10-17,36.3,15.0,21.6,13.1,8.7,18.6,4.3,1.8,26.0,64.3,1024.8,1021.6,1023.4,13.1,2020,10,17,2020-10
2020-10-18,36.3,15.0,21.6,13.6,7.2,20.2,3.9,2.0,40.0,65.5,1026.0,1021.9,1023.9,12.9,2020,10,18,2020-10
2020-10-19,36.3,15.0,21.6,15.1,9.8,21.3,3.4,1.7,38.0,74.4,1026.6,1023.0,1025.0,14.3,2020,10,19,2020-10
2020-10-20,36.3,15.0,21.6,15.2,9.9,21.7,3.1,1.6,38.0,67.1,1028.8,1022.7,1025.7,14.5,2020,10,20,2020-10
2020-10-21,37.7,15.6,22.5,14.1,11.8,17.3,3.8,1.9,58.0,69.4,1023.5,1015.7,1018.9,13.7,2020,10,21,2020-10
2020-10-22,36.3,15.0,21.6,13.5,8.4,18.2,5.7,2.8,40.0,66.0,1015.7,1011.4,1013.7,15.2,2020,10,22,2020-10
2020-10-23,36.3,15.0,21.6,8.6,5.4,13.3,5.5,3.0,34.0,51.5,1017.1,1013.6,1015.3,10.7,2020,10,23,2020-10
2020-10-24,36.3,15.0,21.6,8.7,3.2,14.0,5.9,2.5,27.0,47.6,1020.9,1016.8,1019.1,9.4,2020,10,24,2020-10
2020-10-25,36.3,15.0,21.6,11.8,5.4,18.2,3.8,1.7,29.0,62.5,1021.7,1018.3,1020.2,10.9,2020,10,25,2020-10
2020-10-26,36.3,15.0,21.6,12.9,8.0,19.0,4.4,1.6,42.0,71.6,1021.8,1018.3,1020.1,11.9,2020,10,26,2020-10
2020-10-27,36.3,15.0,21.6,14.0,9.0,19.4,3.4,1.8,39.0,74.1,1022.4,1020.0,1021.2,13.2,2020,10,27,2020-10
2020-10-28,36.3,15.0,21.6,13.8,8.6,18.2,4.8,2.5,23.0,52.1,1025.1,1021.1,1022.8,13.8,2020,10,28,2020-10
2020-10-29,36.3,15.0,21.6,10.8,5.5,16.1,4.5,2.0,24.0,40.3,1026.2,1022.3,1024.1,11.5,2020,10,29,2020-10
2020-10-30,36.3,15.0,21.6,11.9,5.8,19.6,3.2,1.5,22.0,42.9,1027.2,1023.7,1025.5,11.2,2020,10,30,2020-10
2020-10-31,36.3,15.0,21.6,13.6,8.5,18.2,5.0,2.6,51.0,60.3,1027.2,1021.5,1024.3,12.9,2020,10,31,2020-10
2020-11-01,36.3,15.0,21.6,13.7,11.6,15.0,4.5,2.3,56.0,84.3,1021.8,1017.7,1019.5,13.1,2020,11,1,2020-11
2020-11-02,36.3,15.0,21.6,10.8,7.9,15.6,4.9,2.3,24.0,58.3,1022.3,1019.1,1020.4,10.0,2020,11,2,2020-11
2020-11-03,36.3,15.0,21.6,5.1,2.7,8.6,8.4,3.5,33.0,47.5,1024.1,1019.6,1022.5,6.1,2020,11,3,2020-11
2020-11-04,36.3,15.0,21.6,4.9,0.2,10.8,4.2,2.3,20.0,43.9,1028.2,1023.9,1025.9,5.2,2020,11,4,2020-11
2020-11-05,36.3,15.0,21.6,9.6,3.4,15.9,3.0,1.8,41.0,61.5,1029.1,1025.2,1027.2,10.5,2020,11,5,2020-11
2020-11-06,36.3,15.0,21.6,13.5,9.9,17.2,3.3,1.7,49.0,63.3,1026.1,1018.5,1021.2,12.5,2020,11,6,2020-11
2020-11-07,36.3,15.0,21.6,14.6,12.2,18.1,4.9,2.7,38.0,68.8,1019.3,1016.2,1017.8,14.6,2020,11,7,2020-11
2020-11-08,36.3,15.0,21.6,8.5,3.1,12.4,6.2,3.1,18.0,43.8,1026.3,1019.0,1022.8,9.9,2020,11,8,2020-11
2020-11-09,36.3,15.0,21.6,5.5,0.7,8.9,4.0,1.8,23.0,40.9,1027.5,1024.1,1025.8,5.6,2020,11,9,2020-11
2020-11-10,36.3,15.0,21.6,7.7,3.5,12.9,5.0,2.2,34.0,56.1,1030.4,1026.0,1028.5,7.9,2020,11,10,2020-11
2020-11-11,36.3,15.0,21.6,9.3,3.5,16.5,2.6,1.6,31.0,53.5,1033.4,1030.3,1031.9,8.7,2020,11,11,2020-11
2020-11-12,36.3,15.0,21.6,10.4,4.6,17.7,3.4,1.7,30.0,56.9,1032.5,1027.8,1030.4,9.2,2020,11,12,2020-11
2020-11-13,36.3,15.0,21.6,12.2,8.5,17.6,3.0,1.6,44.0,71.5,1029.9,1026.7,1028.6,12.1,2020,11,13,2020-11
2020-11-14,36.3,15.0,21.6,12.5,6.8,19.3,4.0,1.7,38.0,66.9,1031.5,1027.8,1029.3,10.9,2020,11,14,2020-11
2020-11-15,36.3,15.0,21.6,11.1,8.2,14.9,3.7,1.7,61.0,75.0,1028.9,1026.3,1027.5,10.2,2020,11,15,2020-11
2020-11-16,36.3,15.0,21.6,12.4,7.5,18.3,4.1,1.6,45.0,70.1,1028.4,1024.3,1026.3,10.9,2020,11,16,2020-11
2020-11-17,36.3,15.0,21.6,15.9,11.7,20.0,4.5,2.3,52.0,67.5,1026.1,1021.4,1023.4,13.0,2020,11,17,2020-11
2020-11-18,36.3,15.0,21.6,16.6,14.8,18.7,3.6,2.6,77.0,91.4,1021.6,1009.3,1015.6,15.3,2020,11,18,2020-11
2020-11-19,36.3,15.0,21.6,13.6,6.9,19.1,7.3,4.2,78.0,90.5,1013.9,1003.2,1008.1,14.6,2020,11,19,2020-11
2020-11-20,36.3,15.0,21.6,2.8,0.3,7.0,5.6,3.2,68.0,74.3,1025.7,1013.8,1020.0,6.2,2020,11,20,2020-11
2020-11-21,36.3,15.0,21.6,6.5,-0.3,12.8,4.8,2.1,48.0,67.9,1026.5,1021.5,1023.7,6.5,2020,11,21,2020-11
2020-11-22,36.3,15.0,21.6,5.6,1.5,9.1,5.7,2.5,66.0,80.5,1026.8,1020.7,1023.0,7.3,2020,11,22,2020-11
2020-11-23,36.3,15.0,21.6,1.7,-1.5,5.9,4.9,2.3,36.0,61.4,1030.0,1026.6,1028.6,2.9,2020,11,23,2020-11
2020-11-24,36.3,15.0,21.6,2.9,0.2,6.4,3.8,1.8,39.0,54.5,1030.2,1027.3,1028.8,3.5,2020,11,24,2020-11
2020-11-25,36.3,15.0,21.6,4.6,0.0,9.5,3.0,1.5,45.0,64.1,1029.1,1026.1,1027.7,3.5,2020,11,25,2020-11
2020-11-26,36.3,15.0,21.6,5.6,1.9,10.9,3.6,1.7,42.0,66.5,1028.5,1025.3,1027.2,4.4,2020,11,26,2020-11
2020-11-27,36.3,15.0,21.6,4.1,0.6,7.7,5.3,2.7,44.0,61.6,1028.1,1024.3,1026.1,4.9,2020,11,27,2020-11
2020-11-28,36.3,15.0,21.6,-0.1,-2.3,2.8,5.3,2.8,30.0,50.0,1031.4,1027.8,1029.3,1.2,2020,11,28,2020-11
2020-11-29,36.3,15.0,21.6,-0.6,-3.6,2.6,4.5,2.2,52.0,59.6,1033.0,1028.1,1030.2,0.7,2020,11,29,2020-11
2020-11-30,36.3,15.0,21.6,-0.2,-3.6,4.3,4.6,1.9,38.0,57.8,1037.2,1032.9,1035.1,0.4,2020,11,30,2020-11
2020-12-01,36.3,15.0,21.6,1.1,-3.6,6.7,4.0,1.9,24.0,44.5,1038.4,1033.5,1035.6,0.3,2020,12,1,2020-12
2020-12-02,36.3,15.0,21.6,2.4,0.5,6.1,3.9,1.8,25.0,41.4,1033.9,1028.9,1031.0,2.2,2020,12,2,2020-12
2020-12-03,36.3,15.0,21.6,0.7,-2.3,4.2,4.9,2.7,36.0,47.1,1031.6,1028.5,1030.0,1.2,2020,12,3,2020-12
2020-12-04,36.3,15.0,21.6,-0.6,-4.6,4.4,4.3,1.8,30.0,53.8,1031.9,1028.7,1030.5,-0.3,2020,12,4,2020-12
2020-12-05,36.3,15.0,21.6,2.1,-2.2,6.6,3.9,1.7,51.0,63.1,1031.4,1028.6,1029.9,0.5,2020,12,5,2020-12
2020-12-06,36.3,15.0,21.6,4.5,1.2,9.1,4.3,1.8,46.0,66.9,1029.8,1026.6,1028.1,2.1,2020,12,6,2020-12
2020-12-07,36.3,15.0,21.6,3.4,-0.7,6.3,5.6,2.6,37.0,57.5,1029.9,1026.6,1028.3,3.1,2020,12,7,2020-12
2020-12-08,36.3,15.0,21.6,-0.5,-3.5,4.1,3.9,2.0,28.0,50.0,1030.8,1027.6,1029.1,0.1,2020,12,8,2020-12
2020-12-09,36.3,15.0,21.6,1.5,-4.1,6.2,3.0,1.5,35.0,55.1,1029.5,1024.0,1026.7,-0.3,2020,12,9,2020-12
2020-12-10,36.3,15.0,21.6,5.8,3.2,9.3,3.5,1.7,57.0,69.9,1024.3,1021.0,1022.4,3.9,2020,12,10,2020-12
2020-12-11,36.3,15.0,21.6,5.3,2.6,9.4,4.5,1.8,57.0,77.1,1022.4,1017.8,1019.7,3.3,2020,12,11,2020-12
2020-12-12,36.3,15.0,21.6,2.3,-0.3,6.1,4.8,2.1,32.0,51.3,1020.7,1018.6,1019.7,1.8,2020,12,12,2020-12
2020-12-13,36.3,15.0,21.6,-1.1,-6.0,2.0,6.1,2.9,52.0,74.9,1025.7,1014.3,1019.2,0.5,2020,12,13,2020-12
2020-12-14,36.3,15.0,21.6,-7.7,-9.7,-5.0,5.3,3.4,31.0,49.1,1031.7,1025.6,1029.6,-1.9,2020,12,14,2020-12
2020-12-15,36.3,15.0,21.6,-8.3,-11.1,-4.6,5.2,2.8,28.0,43.0,1033.7,1030.0,1031.8,-3.7,2020,12,15,2020-12
2020-12-16,36.3,15.0,21.6,-8.3,-11.2,-3.9,4.6,2.6,29.0,43.9,1033.1,1030.7,1031.9,-4.3,2020,12,16,2020-12
2020-12-17,36.3,15.0,21.6,-4.9,-11.1,0.8,3.7,1.7,24.0,47.0,1033.0,1028.0,1030.7,-3.7,2020,12,17,2020-12
2020-12-18,36.3,15.0,21.6,-2.1,-6.4,1.8,5.4,3.0,34.0,57.0,1032.2,1026.7,1028.7,-1.3,2020,12,18,2020-12
2020-12-19,36.3,15.0,21.6,-5.1,-9.6,-1.2,5.1,2.4,26.0,45.1,1035.6,1031.9,1033.6,-3.5,2020,12,19,2020-12
2020-12-20,36.3,15.0,21.6,-3.7,-8.2,1.1,4.4,2.0,29.0,50.4,1034.1,1031.1,1032.7,-3.3,2020,12,20,2020-12
2020-12-21,36.3,15.0,21.6,-1.0,-6.0,4.7,3.7,1.6,40.0,64.1,1031.5,1027.9,1029.4,-2.4,2020,12,21,2020-12
2020-12-22,36.3,15.0,21.6,2.0,-2.5,7.2,4.7,2.0,42.0,67.6,1028.4,1024.4,1026.1,-0.4,2020,12,22,2020-12
2020-12-23,36.3,15.0,21.6,4.5,-0.4,8.5,5.1,2.3,62.0,76.6,1026.4,1018.2,1022.0,0.4,2020,12,23,2020-12
2020-12-24,36.3,15.0,21.6,2.6,-2.0,6.1,6.5,2.9,35.0,61.5,1021.4,1016.6,1018.5,0.7,2020,12,24,2020-12
2020-12-25,36.3,15.0,21.6,-0.8,-4.7,3.5,4.7,2.1,34.0,51.9,1025.1,1020.9,1023.7,-1.4,2020,12,25,2020-12
2020-12-26,36.3,15.0,21.6,2.2,-2.1,8.0,3.9,1.8,49.0,65.8,1026.4,1022.8,1024.3,-0.6,2020,12,26,2020-12
2020-12-27,36.3,15.0,21.6,5.8,1.4,10.0,2.8,1.8,48.0,62.9,1024.0,1018.7,1021.6,1.4,2020,12,27,2020-12
2020-12-28,36.3,15.0,21.6,6.7,4.2,11.4,3.1,1.4,45.0,72.1,1024.9,1021.3,1023.1,2.7,2020,12,28,2020-12
2020-12-29,36.3,15.0,21.6,0.1,-6.2,4.3,6.1,2.9,40.0,70.8,1024.0,1020.5,1021.9,-0.1,2020,12,29,2020-12
2020-12-30,36.3,15.0,21.6,-10.9,-12.9,-6.2,6.2,4.1,41.0,55.5,1027.5,1021.0,1023.8,-4.4,2020,12,30,2020-12
2020-12-31,36.3,15.0,21.6,-8.9,-12.9,-5.0,4.2,2.4,42.0,53.9,1028.2,1024.5,1026.6,-5.0,2020,12,31,2020-12
2021-01-01,36.3,15.0,21.6,-4.2,-9.8,1.6,4.1,2.0,50.0,64.0,1028.1,1023.9,1026.0,-3.4,2021,1,1,2021-01
2021-01-02,36.3,15.0,21.6,-5.0,-8.4,-1.4,5.4,2.6,29.0,38.5,1032.7,1026.0,1029.6,-3.9,2021,1,2,2021-01
2021-01-03,36.3,15.0,21.6,-5.6,-9.1,-2.0,4.5,2.0,28.0,45.0,1035.5,1032.8,1034.3,-4.9,2021,1,3,2021-01
2021-01-04,36.3,15.0,21.6,-3.5,-8.4,0.3,3.2,1.7,38.0,51.4,1035.0,1028.0,1031.4,-3.3,2021,1,4,2021-01
2021-01-05,36.3,15.0,21.6,-5.5,-9.9,-2.1,5.7,2.9,30.0,52.8,1033.0,1028.8,1030.4,-3.2,2021,1,5,2021-01
2021-01-06,36.3,15.0,21.6,-7.4,-12.0,-1.9,8.1,2.4,24.0,54.6,1030.3,1016.7,1024.0,-4.0,2021,1,6,2021-01
2021-01-07,36.3,15.0,21.6,-14.5,-16.5,-8.4,8.3,4.1,35.0,49.9,1029.1,1019.8,1026.8,-6.1,2021,1,7,2021-01
2021-01-08,36.3,15.0,21.6,-14.9,-18.6,-10.7,6.1,3.3,35.0,44.0,1027.5,1022.9,1025.6,-9.3,2021,1,8,2021-01
2021-01-09,36.3,15.0,21.6,-12.2,-16.6,-7.5,6.5,2.6,35.0,46.3,1027.4,1023.3,1025.4,-8.4,2021,1,9,2021-01
2021-01-10,36.3,15.0,21.6,-7.7,-12.8,-2.7,2.6,1.3,37.0,54.4,1030.3,1026.1,1028.2,-6.1,2021,1,10,2021-01
2021-01-11,36.3,15.0,21.6,-6.7,-9.6,-4.0,3.5,1.9,50.0,62.1,1031.0,1023.0,1026.7,-5.5,2021,1,11,2021-01
2021-01-12,36.3,15.0,21.6,-3.9,-9.3,-0.5,3.4,1.8,61.0,79.5,1023.0,1015.1,1017.9,-4.1,2021,1,12,2021-01
2021-01-13,36.3,15.0,21.6,2.0,-3.0,8.3,4.9,2.4,63.0,80.3,1020.0,1012.0,1015.3,0.0,2021,1,13,2021-01
2021-01-14,29.6,12.2,17.7,1.7,-3.6,7.0,3.9,2.3,26.0,46.5,1024.8,1019.8,1021.9,-0.2,2021,1,14,2021-01
2021-01-15,40.2,16.7,24.0,4.5,-0.7,9.9,5.8,3.0,42.0,67.4,1020.0,1011.2,1016.2,0.7,2021,1,15,2021-01
2021-01-16,39.6,16.4,23.6,-4.9,-8.7,-0.7,5.2,3.3,34.0,59.3,1029.3,1019.7,1025.9,-1.6,2021,1,16,2021-01
2021-01-17,45.8,19.0,27.4,-5.5,-10.8,-1.3,4.0,2.3,29.0,58.5,1031.3,1023.5,1027.5,-3.9,2021,1,17,2021-01
2021-01-18,28.1,11.6,16.8,-3.8,-9.1,0.2,8.6,3.2,30.0,64.3,1029.3,1017.1,1021.7,-3.3,2021,1,18,2021-01
2021-01-19,27.2,11.3,16.2,-6.3,-11.6,-0.2,4.7,1.8,19.0,37.9,1034.1,1029.1,1032.4,-4.8,2021,1,19,2021-01
2021-01-20,29.7,12.3,17.8,-0.1,-6.6,7.1,4.3,2.2,24.0,37.8,1033.0,1027.5,1030.0,-2.0,2021,1,20,2021-01
2021-01-21,26.1,10.8,15.6,4.5,2.5,7.0,3.8,2.3,36.0,64.4,1027.8,1020.0,1023.3,0.7,2021,1,21,2021-01
2021-01-22,36.1,14.9,21.5,5.5,4.8,6.6,3.2,1.7,89.0,92.9,1020.9,1018.8,1019.8,1.9,2021,1,22,2021-01
2021-01-23,45.8,19.0,27.4,7.6,4.8,12.2,5.8,4.2,49.0,66.0,1023.4,1018.1,1020.3,3.6,2021,1,23,2021-01
2021-01-24,48.3,20.0,28.8,7.3,2.4,13.9,4.7,2.1,43.0,63.9,1027.7,1023.3,1025.8,3.0,2021,1,24,2021-01
2021-01-25,53.9,22.3,32.2,7.9,3.0,13.9,3.6,1.9,37.0,62.0,1029.6,1022.3,1025.6,3.3,2021,1,25,2021-01
2021-01-26,53.0,22.0,31.7,5.3,1.7,7.4,3.8,1.9,64.0,80.4,1022.4,1017.3,1020.0,2.0,2021,1,26,2021-01
2021-01-27,54.7,22.7,32.7,1.7,-1.8,6.5,5.2,2.2,20.0,47.6,1025.9,1021.6,1023.7,1.6,2021,1,27,2021-01
2021-01-28,21.5,9.8,0.0,-2.6,-9.7,1.4,8.7,4.0,35.0,52.3,1023.8,1012.5,1017.4,-0.3,2021,1,28,2021-01
2021-01-29,2.1,0.0,0.0,-8.8,-11.6,-4.9,7.3,3.5,29.0,40.0,1028.4,1023.8,1026.9,-1.7,2021,1,29,2021-01
2021-01-30,0.0,0.0,0.0,-1.6,-8.1,5.2,4.8,2.5,39.0,60.0,1029.5,1023.7,1026.0,-0.3,2021,1,30,2021-01
2021-01-31,0.0,0.0,0.0,3.2,-3.8,8.7,4.4,2.0,35.0,57.0,1030.3,1021.1,1026.3,0.1,2021,1,31,2021-01
2021-02-01,0.0,0.0,0.0,5.0,-2.3,9.5,6.7,2.7,45.0,74.5,1022.1,1012.7,1016.7,1.6,2021,2,1,2021-02
2021-02-02,0.0,1.3,0.0,-5.6,-8.2,-2.4,5.9,3.9,28.0,44.1,1028.5,1022.1,1026.5,-0.6,2021,2,2,2021-02
2021-02-03,0.0,6.5,0.0,-3.2,-9.4,1.4,4.5,2.2,43.0,64.6,1029.2,1020.1,1025.5,-1.4,2021,2,3,2021-02
2021-02-04,0.0,0.0,0.0,-3.6,-7.4,0.7,5.3,2.5,29.0,50.1,1030.0,1020.8,1027.5,-0.3,2021,2,4,2021-02
2021-02-05,0.0,0.0,0.0,1.4,-4.4,6.7,5.1,2.4,60.0,71.8,1026.8,1017.2,1021.0,0.2,2021,2,5,2021-02
2021-02-06,0.0,0.0,0.0,6.8,4.3,9.5,4.6,2.2,72.0,80.4,1017.4,1013.9,1015.3,2.2,2021,2,6,2021-02
2021-02-07,0.0,0.0,0.0,3.6,-2.6,7.7,5.3,2.9,29.0,67.0,1025.4,1016.4,1021.5,3.2,2021,2,7,2021-02
2021-02-08,36.0,12.5,0.0,-3.1,-5.4,0.2,6.3,3.4,29.0,43.6,1030.8,1025.4,1028.5,0.2,2021,2,8,2021-02
2021-02-09,0.0,3.8,0.0,-0.9,-6.1,4.7,4.8,2.0,28.0,51.9,1030.9,1026.6,1028.6,0.5,2021,2,9,2021-02
2021-02-10,0.0,0.0,0.0,3.4,-1.5,7.2,4.3,2.1,63.0,75.1,1027.6,1023.4,1025.3,0.7,2021,2,10,2021-02
2021-02-11,0.0,0.0,0.0,5.5,1.3,10.9,3.1,1.3,47.0,71.5,1027.9,1023.2,1025.3,2.8,2021,2,11,2021-02
2021-02-12,3.8,3.6,0.0,6.5,0.6,14.0,3.4,1.7,29.0,60.6,1025.9,1023.6,1025.0,4.2,2021,2,12,2021-02
2021-02-13,19.3,6.6,0.0,7.6,1.0,15.9,3.8,1.5,24.0,50.6,1027.3,1021.6,1024.3,4.5,2021,2,13,2021-02
2021-02-14,15.4,6.5,0.0,9.5,6.4,13.8,3.6,1.7,31.0,47.6,1021.7,1010.5,1014.9,5.6,2021,2,14,2021-02
2021-02-15,17.7,8.1,0.0,1.2,-5.2,8.2,7.3,4.0,36.0,65.1,1018.1,1007.7,1011.7,3.7,2021,2,15,2021-02
2021-02-16,47.6,16.8,5.8,-5.1,-7.0,-1.3,7.2,3.2,32.0,57.9,1019.2,1014.5,1017.2,-1.7,2021,2,16,2021-02
2021-02-17,0.0,0.0,0.0,-8.3,-10.4,-5.2,7.5,5.0,32.0,44.1,1021.3,1017.2,1019.1,-2.1,2021,2,17,2021-02
2021-02-18,0.0,0.0,0.0,-5.8,-10.6,-0.4,6.1,3.1,34.0,44.9,1023.6,1020.8,1022.5,-1.3,2021,2,18,2021-02
2021-02-19,12.1,0.0,0.0,1.6,-7.1,8.9,5.9,2.9,49.0,66.9,1024.0,1011.1,1017.2,0.5,2021,2,19,2021-02
2021-02-20,0.0,0.0,0.0,8.8,5.5,14.9,3.9,2.1,25.0,60.4,1011.3,1008.3,1009.9,4.0,2021,2,20,2021-02
2021-02-21,0.0,0.0,0.0,10.8,4.7,17.4,5.8,2.8,47.0,66.6,1011.1,1007.6,1009.5,5.5,2021,2,21,2021-02
2021-02-22,42.6,13.2,3.4,7.8,0.4,12.6,6.5,2.9,25.0,58.3,1023.5,1010.0,1015.0,6.5,2021,2,22,2021-02
2021-02-23,38.2,17.2,1.8,0.0,-3.1,4.3,5.3,2.9,21.0,34.0,1028.5,1023.3,1026.1,2.9,2021,2,23,2021-02
2021-02-24,14.3,12.4,0.0,2.9,-3.0,10.1,3.2,1.8,20.0,33.0,1027.6,1023.0,1025.5,3.6,2021,2,24,2021-02
2021-02-25,0.0,0.0,0.0,4.2,0.7,8.2,2.8,1.4,25.0,35.1,1025.6,1022.1,1023.8,1.6,2021,2,25,2021-02
2021-02-26,0.0,0.0,0.0,8.2,0.5,15.8,4.3,2.3,18.0,35.0,1026.7,1021.0,1023.8,5.1,2021,2,26,2021-02
2021-02-27,16.0,5.2,0.0,9.5,4.3,16.2,5.6,3.4,32.0,48.6,1030.3,1026.2,1028.4,7.0,2021,2,27,2021-02
2021-02-28,14.9,10.2,0.0,7.8,3.2,10.8,4.3,2.1,38.0,49.0,1029.7,1022.1,1026.0,5.4,2021,2,28,2021-02
2021-03-01,36.0,14.1,0.0,4.7,0.5,9.0,6.2,3.5,44.0,91.0,1022.1,1010.1,1015.6,4.7,2021,3,1,2021-03
2021-03-02,29.9,14.4,0.0,2.3,0.2,6.9,4.0,1.9,45.0,75.9,1029.4,1016.7,1025.2,5.4,2021,3,2,2021-03
2021-03-03,14.9,6.0,0.0,4.4,-1.2,9.9,3.1,1.8,36.0,64.4,1031.9,1026.8,1029.0,4.5,2021,3,3,2021-03
2021-03-04,13.2,0.3,0.0,7.2,2.5,13.0,3.6,1.9,48.0,62.4,1027.5,1021.5,1024.1,6.2,2021,3,4,2021-03
2021-03-05,5.4,4.0,0.0,9.0,3.0,16.2,4.9,2.1,44.0,70.3,1023.0,1018.4,1021.1,9.1,2021,3,5,2021-03
2021-03-06,26.0,10.0,0.0,6.6,3.2,11.6,6.2,3.3,49.0,69.5,1030.8,1022.9,1027.3,7.1,2021,3,6,2021-03
2021-03-07,28.8,12.5,0.0,6.2,2.1,12.2,5.2,2.8,37.0,62.9,1030.7,1025.6,1028.3,7.9,2021,3,7,2021-03
2021-03-08,29.9,9.5,0.0,7.0,1.5,13.9,4.9,1.8,32.0,60.3,1029.0,1024.8,1026.9,8.1,2021,3,8,2021-03
2021-03-09,23.8,7.5,0.0,6.6,2.1,12.2,4.6,2.2,31.0,58.5,1027.5,1023.7,1025.8,6.9,2021,3,9,2021-03
2021-03-10,20.4,8.3,0.0,8.8,1.7,17.1,3.7,1.8,28.0,61.8,1030.6,1026.0,1028.2,9.0,2021,3,10,2021-03
2021-03-11,23.8,8.8,0.0,10.2,4.7,17.1,4.5,1.8,22.0,50.8,1029.6,1022.3,1025.8,9.8,2021,3,11,2021-03
2021-03-12,21.5,10.8,0.0,10.5,7.2,14.9,4.8,2.2,39.0,57.0,1023.8,1020.7,1021.9,8.7,2021,3,12,2021-03
2021-03-13,38.2,15.5,1.7,9.2,4.6,14.2,4.4,2.2,42.0,62.8,1024.0,1019.6,1021.6,9.9,2021,3,13,2021-03
2021-03-14,52.1,18.9,8.9,9.1,4.9,14.7,3.9,2.2,48.0,71.4,1021.9,1018.7,1020.1,10.9,2021,3,14,2021-03
2021-03-15,37.6,15.4,0.0,10.6,5.1,15.7,5.1,2.4,40.0,68.8,1019.9,1013.0,1016.2,10.3,2021,3,15,2021-03
2021-03-16,39.3,14.5,1.2,8.4,4.9,13.1,5.3,3.2,26.0,52.5,1018.6,1012.3,1015.9,11.8,2021,3,16,2021-03
2021-03-17,40.4,18.4,2.3,8.8,1.8,17.5,4.7,1.8,21.0,44.9,1020.6,1017.1,1019.3,10.4,2021,3,17,2021-03
2021-03-18,39.3,13.9,0.5,11.7,5.0,18.4,4.2,1.8,33.0,50.1,1021.6,1017.1,1019.4,11.6,2021,3,18,2021-03
2021-03-19,22.1,10.3,0.0,15.3,11.4,20.2,4.3,2.2,32.0,47.9,1021.0,1014.9,1018.2,15.0,2021,3,19,2021-03
2021-03-20,39.9,19.1,3.2,9.9,7.4,14.7,4.0,2.2,44.0,74.6,1016.5,1011.0,1013.3,9.8,2021,3,20,2021-03
2021-03-21,75.4,29.2,25.0,5.8,3.1,8.6,6.8,4.0,44.0,65.9,1020.0,1012.7,1015.0,7.6,2021,3,21,2021-03
2021-03-22,53.2,17.2,9.4,6.2,1.1,11.1,6.9,3.2,26.0,55.3,1021.8,1018.4,1020.5,9.0,2021,3,22,2021-03
2021-03-23,29.3,10.2,0.0,9.1,2.5,16.4,5.7,2.5,35.0,63.5,1022.6,1018.6,1020.6,10.6,2021,3,23,2021-03
2021-03-24,18.2,8.7,0.0,10.8,5.7,16.9,5.3,2.4,39.0,61.5,1022.1,1017.6,1020.4,11.7,2021,3,24,2021-03
2021-03-25,26.0,12.6,0.0,11.9,6.8,19.0,4.9,2.2,40.0,68.5,1022.6,1019.6,1021.1,13.5,2021,3,25,2021-03
2021-03-26,43.8,17.7,10.4,12.6,4.8,20.6,2.9,1.4,25.0,58.4,1023.9,1017.7,1020.5,13.4,2021,3,26,2021-03
2021-03-27,49.9,19.1,9.4,12.1,10.2,15.0,4.8,2.5,41.0,70.9,1018.3,1001.0,1010.0,10.5,2021,3,27,2021-03
2021-03-28,12.1,42.6,0.0,9.0,7.7,13.0,6.4,3.3,89.0,95.8,1005.1,999.6,1003.0,10.2,2021,3,28,2021-03
2021-03-29,68.7,24.2,18.8,10.2,7.3,14.6,6.6,3.3,32.0,62.3,1011.5,1004.2,1008.5,11.4,2021,3,29,2021-03
2021-03-30,54.9,16.0,9.7,10.8,4.1,18.2,5.1,2.2,21.0,47.3,1015.2,1011.0,1012.7,12.6,2021,3,30,2021-03
2021-03-31,52.6,18.3,9.1,14.5,5.9,22.9,3.6,1.8,19.0,41.0,1015.9,1012.0,1014.2,14.2,2021,3,31,2021-03
2021-04-01,34.9,16.3,0.1,17.7,12.0,24.0,6.7,3.5,18.0,33.0,1020.5,1015.1,1018.1,14.4,2021,4,1,2021-04
2021-04-02,44.9,23.5,8.1,17.8,12.5,23.0,6.4,3.2,25.0,35.6,1021.9,1016.8,1018.8,15.3,2021,4,2,2021-04
2021-04-03,78.7,33.0,28.7,14.9,10.9,18.0,6.3,3.1,40.0,80.8,1016.8,1009.0,1012.2,13.9,2021,4,3,2021-04
2021-04-04,81.5,34.5,29.9,11.9,9.0,15.8,5.2,3.2,47.0,65.8,1020.9,1010.7,1015.7,13.1,2021,4,4,2021-04
2021-04-05,72.6,30.3,22.4,11.9,5.4,19.3,5.3,2.4,19.0,47.9,1024.6,1019.6,1022.1,14.5,2021,4,5,2021-04
2021-04-06,62.1,22.7,15.2,13.9,9.4,19.2,5.4,2.5,29.0,50.9,1021.6,1017.5,1019.9,15.2,2021,4,6,2021-04
2021-04-07,42.1,18.8,4.9,14.1,8.1,20.4,6.2,2.5,24.0,47.5,1021.3,1017.2,1019.2,15.4,2021,4,7,2021-04
2021-04-08,64.3,25.6,18.0,13.0,7.2,18.0,5.8,2.7,22.0,34.0,1020.3,1016.1,1018.4,15.1,2021,4,8,2021-04
2021-04-09,57.1,24.9,14.4,13.6,7.6,19.6,5.8,2.7,25.0,39.3,1028.4,1020.0,1024.3,15.0,2021,4,9,2021-04
2021-04-10,52.1,23.9,10.4,12.6,7.7,18.8,4.7,2.6,28.0,50.0,1031.9,1028.5,1030.2,15.2,2021,4,10,2021-04
2021-04-11,54.3,24.1,12.3,15.0,7.5,21.8,3.9,1.7,24.0,45.4,1032.2,1026.1,1029.0,15.9,2021,4,11,2021-04
2021-04-12,54.9,21.7,12.2,13.8,11.9,17.8,4.8,2.4,36.0,70.4,1026.2,1008.1,1017.3,13.2,2021,4,12,2021-04
2021-04-13,53.7,26.4,12.9,10.4,5.7,13.5,5.7,3.7,53.0,74.0,1017.9,1007.7,1012.8,14.5,2021,4,13,2021-04
2021-04-14,78.2,26.8,26.0,8.4,3.1,13.3,6.9,2.9,30.0,58.5,1020.6,1017.8,1019.3,13.3,2021,4,14,2021-04
2021-04-15,43.8,20.2,3.3,11.6,6.3,18.3,4.7,2.1,31.0,62.3,1021.5,1015.3,1018.2,14.9,2021,4,15,2021-04
2021-04-16,29.3,13.7,0.0,11.3,8.1,14.8,5.7,2.6,35.0,60.0,1018.1,1014.2,1015.9,12.6,2021,4,16,2021-04
2021-04-17,47.1,18.9,7.4,9.6,6.0,14.6,7.1,2.6,33.0,56.6,1018.1,1011.7,1014.7,12.2,2021,4,17,2021-04
2021-04-18,57.1,21.7,11.8,9.9,5.6,15.3,5.7,3.2,39.0,64.3,1018.0,1014.4,1016.3,14.0,2021,4,18,2021-04
2021-04-19,45.4,16.3,4.8,12.2,5.8,19.4,4.9,2.4,44.0,65.3,1019.1,1015.1,1017.2,15.6,2021,4,19,2021-04
2021-04-20,43.2,16.5,3.8,14.8,8.1,22.0,4.5,1.9,27.0,55.1,1022.3,1018.9,1020.8,17.3,2021,4,20,2021-04
2021-04-21,44.3,19.7,8.3,19.1,10.3,28.2,4.3,1.8,21.0,43.1,1023.4,1017.7,1021.2,19.8,2021,4,21,2021-04
2021-04-22,57.1,25.5,15.7,20.9,16.1,27.5,5.0,2.5,22.0,37.9,1021.9,1015.7,1018.5,20.1,2021,4,22,2021-04
2021-04-23,69.3,33.1,25.0,19.0,17.0,21.7,6.9,3.2,29.0,41.4,1020.6,1017.3,1019.2,17.1,2021,4,23,2021-04
2021-04-24,100.0,39.9,43.7,18.3,15.3,22.2,5.2,2.7,23.0,43.0,1021.7,1017.8,1019.6,17.7,2021,4,24,2021-04
2021-04-25,100.0,40.0,44.1,18.2,12.6,24.0,5.6,2.7,31.0,50.0,1020.7,1017.1,1019.1,21.4,2021,4,25,2021-04
2021-04-26,97.1,37.1,38.8,16.2,12.3,20.6,4.6,2.6,27.0,51.8,1022.7,1019.1,1020.8,20.1,2021,4,26,2021-04
2021-04-27,82.1,34.7,30.7,15.4,12.5,20.0,5.0,2.3,38.0,62.4,1020.8,1015.4,1017.6,17.3,2021,4,27,2021-04
2021-04-28,80.4,31.8,32.8,14.5,11.2,18.2,4.8,2.4,35.0,64.1,1017.8,1014.0,1016.0,16.3,2021,4,28,2021-04
2021-04-29,81.5,29.7,28.6,14.6,10.9,20.1,6.4,2.3,30.0,54.1,1014.0,1002.6,1005.9,16.9,2021,4,29,2021-04
2021-04-30,74.3,28.7,23.5,11.3,8.6,14.6,5.2,2.4,63.0,81.8,1008.2,999.3,1004.5,12.8,2021,4,30,2021-04
2021-05-01,72.6,26.9,23.3,10.2,8.5,15.3,6.3,2.7,47.0,80.8,1010.3,1003.6,1005.8,12.4,2021,5,1,2021-05
2021-05-02,59.9,22.0,13.3,12.4,7.3,18.7,5.3,3.1,41.0,67.9,1019.9,1010.3,1016.5,16.8,2021,5,2,2021-05
2021-05-03,59.3,17.5,13.3,14.1,8.4,20.3,4.9,2.1,27.0,56.4,1020.4,1015.1,1017.8,17.3,2021,5,3,2021-05
2021-05-04,52.6,21.1,10.9,13.8,11.4,15.8,4.8,2.1,53.0,82.6,1017.3,1003.7,1009.5,13.5,2021,5,4,2021-05
2021-05-05,58.7,25.0,15.2,13.9,10.3,18.4,6.7,3.5,29.0,64.4,1018.4,1004.5,1012.5,17.6,2021,5,5,2021-05
2021-05-06,75.4,29.0,23.1,15.7,7.9,23.1,6.5,2.4,27.0,46.4,1018.6,1011.5,1015.3,16.8,2021,5,6,2021-05
2021-05-07,69.3,26.5,22.4,14.4,10.7,17.2,6.7,3.4,38.0,60.3,1011.5,1003.3,1006.1,15.5,2021,5,7,2021-05
2021-05-08,56.0,27.3,15.5,14.3,8.9,21.0,8.4,3.4,36.0,66.1,1008.4,999.2,1004.4,16.9,2021,5,8,2021-05
2021-05-09,71.5,29.5,21.4,15.7,10.0,21.8,7.9,3.5,25.0,51.3,1011.8,1006.5,1009.4,18.2,2021,5,9,2021-05
2021-05-10,61.5,24.9,17.2,13.2,11.7,14.6,4.0,1.8,59.0,67.9,1015.0,1010.4,1013.4,13.5,2021,5,10,2021-05
2021-05-11,67.6,28.8,21.2,18.5,9.4,25.7,5.0,2.7,28.0,48.9,1014.9,1010.8,1013.1,18.7,2021,5,11,2021-05
2021-05-12,77.1,28.4,23.5,22.0,16.9,27.7,3.7,2.2,26.0,39.5,1013.8,1008.9,1011.8,21.7,2021,5,12,2021-05
2021-05-13,64.3,33.8,20.9,22.9,16.6,29.6,4.2,1.9,36.0,54.4,1012.6,1009.0,1011.0,24.6,2021,5,13,2021-05
2021-05-14,100.0,43.4,46.4,24.1,18.0,30.8,4.3,1.7,35.0,60.3,1013.2,1008.5,1010.5,25.2,2021,5,14,2021-05
2021-05-15,100.0,44.3,46.3,22.1,20.8,26.2,3.6,1.7,56.0,79.5,1009.3,1003.9,1006.2,22.9,2021,5,15,2021-05
2021-05-16,100.0,47.0,51.4,18.4,14.8,20.8,4.4,2.5,94.0,97.6,1004.3,999.0,1001.0,19.6,2021,5,16,2021-05
2021-05-17,100.0,45.4,58.6,15.3,14.2,16.7,3.1,1.6,86.0,93.0,1010.5,1002.7,1007.0,17.4,2021,5,17,2021-05
2021-05-18,94.3,38.9,36.5,17.9,13.6,24.5,4.5,1.7,45.0,70.5,1012.1,1008.7,1010.5,20.2,2021,5,18,2021-05
2021-05-19,90.9,33.1,32.7,19.9,12.4,26.6,4.4,1.8,31.0,52.3,1012.9,1009.8,1011.7,22.3,2021,5,19,2021-05
2021-05-20,87.6,33.1,34.2,18.7,15.6,22.9,6.2,2.5,42.0,59.8,1011.6,1000.3,1005.1,17.9,2021,5,20,2021-05
2021-05-21,81.0,37.5,31.2,16.0,14.2,18.2,4.2,1.7,73.0,86.5,1010.0,1000.7,1005.9,17.4,2021,5,21,2021-05
2021-05-22,12.1,63.1,0.0,18.6,13.8,23.8,6.2,2.5,43.0,69.3,1012.0,1008.9,1010.7,21.8,2021,5,22,2021-05
2021-05-23,90.9,33.8,33.7,19.5,14.3,25.1,4.8,1.7,46.0,64.4,1013.0,1008.6,1010.8,21.0,2021,5,23,2021-05
2021-05-24,88.7,36.3,34.8,19.4,16.4,24.5,5.6,2.7,28.0,61.0,1009.5,1005.8,1007.8,22.8,2021,5,24,2021-05
2021-05-25,91.5,37.9,38.9,15.3,11.9,19.3,7.4,3.2,37.0,72.3,1010.2,1005.2,1007.0,17.9,2021,5,25,2021-05
2021-05-26,100.0,38.2,44.0,18.0,11.5,23.0,6.5,2.9,31.0,58.5,1010.9,1004.5,1007.3,18.8,2021,5,26,2021-05
2021-05-27,78.2,30.2,26.4,15.8,13.9,18.7,5.2,2.8,52.0,83.0,1005.2,999.3,1001.6,16.4,2021,5,27,2021-05
2021-05-28,76.0,35.2,26.6,15.3,12.4,19.7,5.0,2.6,66.0,86.0,1006.4,996.6,1000.6,17.4,2021,5,28,2021-05
2021-05-29,89.3,32.5,34.2,15.4,12.8,19.1,3.7,2.2,59.0,79.8,1010.0,1001.5,1006.7,18.1,2021,5,29,2021-05
2021-05-30,81.0,29.7,28.1,18.4,10.8,26.3,7.6,2.1,37.0,73.0,1010.7,1006.2,1008.9,21.9,2021,5,30,2021-05
2021-05-31,83.2,30.8,29.2,19.9,16.5,23.8,3.5,1.8,63.0,78.9,1012.8,1009.4,1011.0,21.1,2021,5,31,2021-05
2021-06-01,72.1,32.8,26.5,20.2,15.9,23.9,5.4,2.2,57.0,74.6,1016.5,1011.5,1013.8,21.1,2021,6,1,2021-06
2021-06-02,100.0,40.7,43.4,23.2,16.6,29.7,4.5,2.1,37.0,64.4,1014.9,1009.8,1012.4,25.0,2021,6,2,2021-06
2021-06-03,100.0,41.6,41.5,19.1,14.6,22.7,7.5,1.8,59.0,80.8,1011.0,1000.5,1004.2,20.4,2021,6,3,2021-06
2021-06-04,100.0,45.2,46.3,18.5,13.3,23.6,6.0,2.9,38.0,69.4,1002.6,1000.5,1001.6,22.7,2021,6,4,2021-06
2021-06-05,93.2,39.2,36.7,20.8,17.0,25.7,5.5,3.3,40.0,68.1,1003.5,999.1,1000.8,22.2,2021,6,5,2021-06
2021-06-06,85.9,36.2,32.8,23.0,18.4,28.2,3.8,2.2,48.0,69.6,1010.9,1003.3,1006.4,25.0,2021,6,6,2021-06
2021-06-07,100.0,41.6,45.9,21.1,19.4,24.0,3.3,1.7,57.0,71.5,1015.2,1010.4,1013.7,21.1,2021,6,7,2021-06
2021-06-08,100.0,46.2,51.6,23.6,18.8,29.5,3.6,1.7,43.0,69.6,1016.2,1013.4,1014.9,25.4,2021,6,8,2021-06
2021-06-09,100.0,44.5,54.3,25.8,19.5,31.6,3.4,1.6,36.0,59.1,1016.3,1012.3,1014.3,26.5,2021,6,9,2021-06
2021-06-10,100.0,46.8,59.0,24.9,20.5,29.8,5.4,2.2,43.0,68.5,1013.5,1007.9,1010.6,25.5,2021,6,10,2021-06
2021-06-11,100.0,51.8,57.0,21.5,19.9,24.4,5.7,2.8,70.0,84.5,1013.1,1006.5,1009.9,23.8,2021,6,11,2021-06
2021-06-12,100.0,50.8,59.2,24.2,18.2,30.2,3.9,1.8,49.0,74.6,1014.2,1009.3,1011.4,27.3,2021,6,12,2021-06
2021-06-13,100.0,45.4,54.9,24.8,20.9,29.7,4.3,2.0,54.0,72.6,1010.8,1005.6,1008.1,27.9,2021,6,13,2021-06
2021-06-14,100.0,48.0,51.9,24.8,18.9,30.2,4.0,2.1,50.0,68.8,1007.6,1003.4,1005.4,27.8,2021,6,14,2021-06
2021-06-15,100.0,50.6,61.1,22.5,21.5,25.3,3.9,2.3,68.0,79.1,1005.2,1003.0,1004.3,23.3,2021,6,15,2021-06
2021-06-16,100.0,50.0,54.1,24.3,20.3,28.9,5.7,3.6,46.0,59.9,1007.2,1003.8,1005.2,27.3,2021,6,16,2021-06
2021-06-17,100.0,47.7,60.5,21.9,19.6,25.0,3.6,2.4,58.0,71.4,1007.7,1004.2,1005.6,23.4,2021,6,17,2021-06
2021-06-18,100.0,49.8,58.2,20.0,19.0,21.4,3.8,2.5,82.0,92.1,1004.3,999.8,1001.3,21.6,2021,6,18,2021-06
2021-06-19,100.0,46.0,54.8,22.3,17.5,27.4,3.7,1.8,49.0,74.0,1002.2,999.7,1001.1,26.1,2021,6,19,2021-06
2021-06-20,100.0,43.7,50.6,22.9,17.6,29.0,6.8,2.8,48.0,73.3,1002.4,999.0,1000.6,26.9,2021,6,20,2021-06
2021-06-21,100.0,44.7,49.0,23.6,19.2,28.5,4.6,2.2,45.0,67.0,1006.8,1002.2,1004.2,28.1,2021,6,21,2021-06
2021-06-22,100.0,45.0,50.3,22.8,19.7,28.6,7.8,2.1,41.0,67.9,1010.0,1006.4,1008.1,25.8,2021,6,22,2021-06
2021-06-23,100.0,47.9,54.4,22.4,18.8,27.9,6.0,2.4,49.0,70.5,1012.1,1008.8,1010.3,26.9,2021,6,23,2021-06
2021-06-24,100.0,45.1,57.5,23.0,18.5,28.0,4.4,1.9,51.0,71.1,1012.4,1009.0,1011.0,25.2,2021,6,24,2021-06
2021-06-25,100.0,44.5,53.1,24.1,19.5,29.5,4.7,2.0,48.0,69.0,1012.0,1008.4,1010.4,28.0,2021,6,25,2021-06
2021-06-26,100.0,46.4,52.1,22.8,19.9,26.7,3.4,1.8,63.0,78.5,1011.9,1009.0,1010.3,25.0,2021,6,26,2021-06
2021-06-27,100.0,48.4,55.8,24.5,19.8,30.8,7.8,2.0,43.0,72.1,1009.9,1004.1,1007.0,27.8,2021,6,27,2021-06
2021-06-28,100.0,47.2,57.4,23.7,21.0,29.2,4.1,1.9,57.0,76.4,1006.5,1003.3,1005.1,25.0,2021,6,28,2021-06
2021-06-29,100.0,48.3,57.4,23.9,21.3,28.4,4.1,1.8,56.0,78.6,1007.0,1004.0,1005.3,26.4,2021,6,29,2021-06
2021-06-30,100.0,47.4,60.6,24.3,21.0,28.8,3.6,1.3,55.0,77.9,1008.1,1005.3,1006.8,26.3,2021,6,30,2021-06
2021-07-01,100.0,49.0,61.2,26.3,21.4,31.0,4.1,1.8,45.0,70.9,1007.9,1004.8,1006.5,27.4,2021,7,1,2021-07
2021-07-02,100.0,49.9,60.4,27.1,23.6,31.8,3.5,2.3,47.0,64.1,1010.3,1007.1,1008.3,27.2,2021,7,2,2021-07
2021-07-03,100.0,54.2,62.7,22.6,19.6,25.7,5.9,3.6,62.0,80.0,1010.0,1000.8,1006.1,23.5,2021,7,3,2021-07
2021-07-04,100.0,56.0,70.3,21.4,19.8,23.1,4.9,2.3,91.0,96.8,1009.8,999.1,1004.2,22.2,2021,7,4,2021-07
2021-07-05,100.0,47.6,54.9,23.3,20.1,26.9,3.5,1.4,64.0,80.3,1011.0,1008.0,1009.6,24.6,2021,7,5,2021-07
2021-07-06,100.0,46.5,54.3,25.3,21.0,30.1,3.7,1.6,54.0,73.4,1008.4,1005.4,1006.9,26.8,2021,7,6,2021-07
2021-07-07,100.0,48.6,56.6,26.4,23.9,29.1,3.3,1.5,65.0,78.5,1008.5,1004.5,1006.8,26.6,2021,7,7,2021-07
2021-07-08,100.0,51.8,61.0,26.0,23.8,29.8,4.7,2.0,66.0,81.6,1006.3,1002.9,1004.8,27.0,2021,7,8,2021-07
2021-07-09,100.0,56.6,70.1,25.5,23.6,29.2,4.2,1.9,62.0,77.3,1007.1,1003.3,1005.1,27.0,2021,7,9,2021-07
2021-07-10,100.0,54.5,70.2,25.9,23.1,29.2,5.4,2.4,60.0,80.4,1009.2,1006.1,1007.2,26.9,2021,7,10,2021-07
2021-07-11,100.0,53.5,69.2,25.7,24.1,27.5,4.8,2.2,81.0,86.8,1010.7,1008.7,1009.7,26.3,2021,7,11,2021-07
2021-07-12,100.0,54.8,67.5,28.1,23.8,32.5,3.1,1.6,58.0,75.1,1011.3,1007.8,1009.6,29.0,2021,7,12,2021-07
2021-07-13,100.0,56.0,70.6,28.8,26.3,31.5,3.7,1.7,62.0,76.1,1010.6,1008.6,1009.4,28.5,2021,7,13,2021-07
2021-07-14,100.0,58.5,71.3,29.7,26.1,33.5,4.2,2.2,56.0,71.4,1013.5,1010.3,1011.7,30.6,2021,7,14,2021-07
2021-07-15,100.0,62.0,79.1,29.1,25.9,34.5,4.6,2.1,51.0,71.1,1015.6,1012.9,1014.2,31.8,2021,7,15,2021-07
2021-07-16,100.0,62.8,79.3,28.8,24.2,35.2,7.4,2.2,44.0,68.4,1016.2,1010.8,1014.0,32.5,2021,7,16,2021-07
2021-07-17,100.0,59.7,79.1,29.1,24.7,32.8,4.2,2.3,50.0,63.1,1013.8,1009.3,1011.7,32.4,2021,7,17,2021-07
2021-07-18,100.0,57.9,74.4,29.6,25.7,34.1,4.2,2.1,46.0,62.5,1012.2,1009.1,1011.0,33.1,2021,7,18,2021-07
2021-07-19,100.0,61.6,74.4,26.4,24.0,30.5,4.9,1.9,61.0,80.1,1014.6,1011.6,1013.2,28.0,2021,7,19,2021-07
2021-07-20,100.0,61.8,78.2,27.9,23.6,31.8,3.6,1.5,58.0,75.8,1015.4,1012.7,1014.1,28.9,2021,7,20,2021-07
2021-07-21,100.0,55.1,71.4,30.5,25.3,35.3,3.0,1.7,40.0,64.0,1014.3,1010.0,1012.4,30.5,2021,7,21,2021-07
2021-07-22,100.0,58.7,73.4,31.2,26.5,35.9,3.7,2.0,37.0,59.8,1012.3,1008.4,1010.4,31.4,2021,7,22,2021-07
2021-07-23,100.0,63.5,77.4,31.2,27.2,35.8,3.6,1.8,42.0,61.8,1010.7,1006.7,1008.8,32.2,2021,7,23,2021-07
2021-07-24,100.0,65.2,82.3,31.7,26.9,36.5,4.2,1.7,37.0,57.4,1009.4,1005.9,1007.7,32.6,2021,7,24,2021-07
2021-07-25,100.0,65.3,84.4,31.5,27.2,35.9,4.4,2.0,40.0,55.8,1007.7,1003.9,1006.0,34.2,2021,7,25,2021-07
2021-07-26,100.0,66.2,83.2,31.2,27.4,35.4,4.3,2.4,40.0,54.9,1005.9,1002.2,1004.0,35.3,2021,7,26,2021-07
2021-07-27,100.0,66.2,84.0,31.1,27.8,35.7,4.6,2.1,43.0,60.5,1004.0,1000.2,1002.3,33.3,2021,7,27,2021-07
2021-07-28,100.0,65.7,89.3,30.4,27.1,34.7,4.9,1.9,52.0,67.4,1003.5,1000.4,1002.0,33.5,2021,7,28,2021-07
2021-07-29,100.0,65.1,87.6,29.6,27.0,33.3,3.9,2.0,57.0,69.9,1003.1,999.9,1001.4,31.3,2021,7,29,2021-07
2021-07-30,100.0,63.8,83.1,30.5,25.8,35.4,4.1,2.1,44.0,63.1,1001.5,997.8,999.9,33.5,2021,7,30,2021-07
2021-07-31,100.0,62.7,82.1,29.8,26.8,34.3,4.3,2.5,52.0,69.9,1001.1,998.5,1000.1,31.6,2021,7,31,2021-07
2021-08-01,100.0,63.4,80.2,27.1,25.1,28.8,4.7,1.3,71.0,81.8,1001.9,998.7,1000.5,28.3,2021,8,1,2021-08
2021-08-02,100.0,62.3,82.2,26.5,25.0,28.6,3.4,1.6,69.0,82.6,1005.7,1000.9,1003.2,27.8,2021,8,2,2021-08
2021-08-03,100.0,59.3,73.9,28.0,24.1,31.4,5.5,1.8,60.0,76.9,1009.2,1005.4,1007.3,29.0,2021,8,3,2021-08
2021-08-04,100.0,57.5,73.5,28.9,26.3,33.2,4.3,2.0,51.0,70.6,1009.7,1006.6,1008.4,29.9,2021,8,4,2021-08
2021-08-05,100.0,59.4,71.8,29.4,25.6,33.7,4.1,2.1,53.0,68.1,1008.4,1003.8,1005.9,30.7,2021,8,5,2021-08
2021-08-06,100.0,60.5,79.8,28.1,26.0,32.2,8.3,2.1,57.0,68.4,1005.2,1001.0,1003.6,33.8,2021,8,6,2021-08
2021-08-07,100.0,61.6,77.7,28.0,23.4,32.3,4.0,2.1,48.0,65.0,1004.0,1001.4,1003.1,35.3,2021,8,7,2021-08
2021-08-08,100.0,58.9,78.4,26.8,24.4,32.1,4.3,1.7,57.0,74.8,1004.0,1001.7,1003.0,28.9,2021,8,8,2021-08
2021-08-09,100.0,58.4,69.9,28.3,23.3,33.6,4.8,2.3,42.0,62.4,1005.5,1001.4,1003.1,31.7,2021,8,9,2021-08
2021-08-10,100.0,54.6,73.1,27.7,24.3,32.2,4.4,2.3,46.0,62.5,1009.6,1005.4,1007.1,31.1,2021,8,10,2021-08
2021-08-11,100.0,58.0,70.1,27.4,24.1,31.6,3.9,2.0,49.0,70.3,1011.5,1008.1,1009.8,31.5,2021,8,11,2021-08
2021-08-12,100.0,57.5,72.8,26.8,24.0,31.7,4.6,1.8,52.0,67.1,1011.0,1007.5,1009.2,29.6,2021,8,12,2021-08
2021-08-13,100.0,57.2,77.4,26.6,23.4,30.1,3.5,2.0,57.0,70.4,1008.1,1004.5,1006.3,28.8,2021,8,13,2021-08
2021-08-14,100.0,55.1,71.6,26.1,23.4,30.5,4.8,3.0,51.0,63.9,1011.4,1005.7,1007.9,29.6,2021,8,14,2021-08
2021-08-15,100.0,56.2,68.9,26.9,21.7,32.4,3.7,2.3,41.0,59.6,1015.1,1011.3,1013.4,30.6,2021,8,15,2021-08
2021-08-16,100.0,54.0,69.1,27.3,22.5,32.8,3.7,2.3,39.0,61.1,1016.1,1011.2,1013.7,33.6,2021,8,16,2021-08
2021-08-17,100.0,54.6,64.3,25.9,21.9,31.3,4.6,2.4,46.0,65.0,1013.2,1006.6,1009.9,30.6,2021,8,17,2021-08
2021-08-18,100.0,55.5,67.1,24.3,20.6,31.0,5.4,2.8,48.0,69.6,1012.0,1008.2,1010.2,25.1,2021,8,18,2021-08
2021-08-19,100.0,52.5,64.5,26.0,21.0,31.5,4.0,2.6,42.0,57.1,1012.4,1009.8,1011.3,29.1,2021,8,19,2021-08
2021-08-20,100.0,47.4,60.1,26.6,22.6,30.7,5.1,2.3,50.0,63.6,1012.6,1009.1,1011.0,28.9,2021,8,20,2021-08
2021-08-21,100.0,52.6,61.6,23.8,21.0,25.5,6.7,2.7,76.0,88.1,1009.8,996.8,1002.8,25.7,2021,8,21,2021-08
2021-08-22,100.0,55.5,66.5,24.4,22.4,27.0,4.4,2.1,63.0,81.5,1010.5,1004.9,1008.0,24.7,2021,8,22,2021-08
2021-08-23,100.0,51.9,59.0,22.4,21.0,24.0,3.3,2.0,78.0,89.3,1011.0,1003.3,1008.4,22.9,2021,8,23,2021-08
2021-08-24,100.0,52.2,64.2,23.4,21.1,26.4,6.1,2.9,89.0,93.6,1004.1,996.5,999.5,24.0,2021,8,24,2021-08
2021-08-25,100.0,48.8,58.5,25.0,23.5,27.3,3.8,1.8,73.0,85.5,1009.1,1003.9,1006.0,26.7,2021,8,25,2021-08
2021-08-26,100.0,49.5,61.4,25.5,22.9,27.9,5.0,2.5,75.0,84.9,1012.8,1008.9,1011.5,25.9,2021,8,26,2021-08
2021-08-27,100.0,53.9,68.1,22.4,20.4,25.5,3.2,1.3,67.0,83.5,1014.4,1011.7,1013.1,23.1,2021,8,27,2021-08
2021-08-28,100.0,54.9,66.3,23.6,19.7,28.2,3.9,1.8,57.0,80.4,1015.5,1012.7,1014.0,25.1,2021,8,28,2021-08
2021-08-29,100.0,47.2,57.0,23.7,21.9,26.3,3.4,1.6,65.0,82.6,1015.5,1012.6,1013.8,24.3,2021,8,29,2021-08
2021-08-30,100.0,48.2,55.9,24.2,21.2,27.7,2.9,1.4,57.0,77.5,1016.8,1014.4,1015.7,25.3,2021,8,30,2021-08
2021-08-31,100.0,50.7,62.3,20.5,18.1,23.1,4.9,2.3,77.0,93.3,1016.4,1010.5,1014.5,21.2,2021,8,31,2021-08
2021-09-01,100.0,50.8,60.6,21.4,18.5,23.9,4.7,2.9,71.0,83.1,1010.8,1008.0,1009.5,22.4,2021,9,1,2021-09
2021-09-02,100.0,43.5,49.4,23.5,20.7,26.7,3.4,2.1,56.0,70.3,1011.6,1007.8,1009.7,24.4,2021,9,2,2021-09
2021-09-03,100.0,45.6,50.0,24.3,20.6,29.2,4.0,2.4,38.0,60.3,1012.4,1007.9,1009.5,26.7,2021,9,3,2021-09
2021-09-04,100.0,49.5,58.5,23.2,18.5,28.6,3.7,2.7,45.0,57.0,1017.4,1012.4,1015.1,25.7,2021,9,4,2021-09
2021-09-05,100.0,49.4,59.3,23.1,19.4,27.3,4.9,3.2,51.0,61.1,1020.1,1016.8,1018.2,23.8,2021,9,5,2021-09
2021-09-06,100.0,46.4,52.1,22.3,18.0,26.4,5.5,3.2,51.0,70.1,1020.0,1013.0,1016.0,23.2,2021,9,6,2021-09
2021-09-07,100.0,47.5,54.5,19.6,17.6,20.9,4.4,2.3,94.0,98.1,1013.9,1005.2,1007.8,20.4,2021,9,7,2021-09
2021-09-08,100.0,45.8,49.5,22.2,19.0,26.9,4.2,1.7,58.0,81.3,1013.3,1007.2,1010.3,23.7,2021,9,8,2021-09
2021-09-09,100.0,42.9,45.7,23.5,19.1,29.1,3.0,1.5,47.0,76.5,1014.7,1011.8,1013.4,25.5,2021,9,9,2021-09
2021-09-10,100.0,44.9,53.0,23.6,19.5,28.9,4.3,1.9,49.0,76.0,1014.0,1011.1,1013.0,25.6,2021,9,10,2021-09
2021-09-11,100.0,46.9,55.1,24.0,19.9,29.4,5.6,1.7,49.0,73.1,1014.3,1010.3,1012.5,25.8,2021,9,11,2021-09
2021-09-12,100.0,47.4,56.0,24.2,19.2,29.8,4.4,1.8,41.0,64.6,1015.3,1010.8,1013.0,26.4,2021,9,12,2021-09
2021-09-13,100.0,48.2,57.1,24.8,20.8,30.3,3.9,2.4,49.0,67.1,1017.7,1014.5,1016.2,26.9,2021,9,13,2021-09
2021-09-14,100.0,48.4,54.9,24.6,20.0,29.5,5.6,2.6,41.0,63.3,1016.9,1013.3,1015.2,27.8,2021,9,14,2021-09
2021-09-15,100.0,49.9,65.6,23.6,19.5,28.9,5.9,3.6,44.0,57.5,1017.2,1014.2,1016.0,27.0,2021,9,15,2021-09
2021-09-16,100.0,50.1,57.4,22.9,18.0,27.3,4.6,2.6,46.0,61.1,1016.3,1010.1,1012.6,26.6,2021,9,16,2021-09
2021-09-17,100.0,47.4,56.1,23.5,20.5,28.2,5.8,3.0,45.0,61.4,1011.9,1006.7,1009.5,27.6,2021,9,17,2021-09
2021-09-18,100.0,46.8,50.7,23.9,18.9,29.8,4.0,1.6,44.0,65.1,1016.2,1011.9,1014.2,29.4,2021,9,18,2021-09
2021-09-19,100.0,47.9,58.5,23.7,20.8,27.8,3.0,1.9,49.0,62.9,1017.0,1014.0,1015.4,26.8,2021,9,19,2021-09
2021-09-20,100.0,47.4,54.0,23.7,19.0,28.4,6.2,2.7,48.0,63.6,1015.1,1006.5,1010.5,29.0,2021,9,20,2021-09
2021-09-21,100.0,49.0,59.4,22.0,17.4,26.2,7.1,2.9,59.0,85.1,1006.9,1003.4,1004.9,23.9,2021,9,21,2021-09
2021-09-22,100.0,48.3,53.7,20.2,16.8,24.3,6.2,2.7,56.0,79.0,1012.8,1005.6,1008.4,22.0,2021,9,22,2021-09
2021-09-23,100.0,45.0,47.5,20.9,16.9,25.9,6.5,2.4,48.0,67.3,1019.5,1012.7,1016.6,22.7,2021,9,23,2021-09
2021-09-24,100.0,41.1,44.6,21.8,16.7,26.9,3.8,2.2,46.0,67.5,1024.1,1019.5,1022.3,23.1,2021,9,24,2021-09
2021-09-25,100.0,41.7,52.0,21.2,18.7,23.1,3.5,2.3,66.0,72.6,1025.3,1021.7,1023.1,21.1,2021,9,25,2021-09
2021-09-26,100.0,43.6,45.5,22.6,18.4,27.3,3.6,2.3,50.0,63.0,1022.7,1018.3,1020.3,23.9,2021,9,26,2021-09
2021-09-27,100.0,45.8,50.3,21.6,18.7,25.0,3.7,2.4,52.0,66.0,1019.0,1014.0,1015.7,21.6,2021,9,27,2021-09
2021-09-28,100.0,45.8,51.2,21.5,19.6,24.4,3.7,2.2,54.0,75.1,1014.8,1010.2,1012.5,22.5,2021,9,28,2021-09
2021-09-29,100.0,45.0,51.2,20.2,17.8,21.4,4.4,1.7,87.0,93.5,1010.2,1006.2,1007.8,21.1,2021,9,29,2021-09
2021-09-30,100.0,45.4,53.9,20.3,16.0,25.9,3.3,1.5,62.0,83.9,1010.5,1007.5,1009.1,22.2,2021,9,30,2021-09
2021-10-01,100.0,44.3,47.6,21.1,16.9,27.5,10.6,2.4,42.0,75.8,1012.7,1006.7,1008.6,22.9,2021,10,1,2021-10
2021-10-02,100.0,39.7,45.1,20.7,16.4,26.6,3.3,1.6,50.0,77.1,1016.7,1009.5,1013.5,23.2,2021,10,2,2021-10
2021-10-03,100.0,40.6,46.5,22.3,17.1,28.8,4.5,1.9,40.0,69.5,1020.0,1016.7,1018.3,22.9,2021,10,3,2021-10
2021-10-04,100.0,40.2,44.3,22.9,19.2,25.6,6.1,2.9,71.0,81.0,1020.4,1017.4,1019.1,21.7,2021,10,4,2021-10
2021-10-05,100.0,43.2,47.6,23.6,21.7,26.5,6.2,3.3,65.0,82.4,1020.8,1018.9,1020.0,23.2,2021,10,5,2021-10
2021-10-06,100.0,48.7,53.1,18.8,17.9,21.7,4.3,2.8,83.0,91.5,1022.1,1017.2,1019.5,20.2,2021,10,6,2021-10
2021-10-07,100.0,50.1,61.7,19.4,17.9,21.9,4.0,1.9,74.0,85.5,1018.5,1015.5,1016.7,20.6,2021,10,7,2021-10
2021-10-08,100.0,39.3,47.1,18.8,17.5,20.0,2.9,1.7,85.0,91.3,1023.0,1018.0,1020.9,19.8,2021,10,8,2021-10
2021-10-09,100.0,41.1,47.2,20.9,18.5,24.1,3.7,2.3,72.0,83.5,1023.8,1019.7,1021.8,20.5,2021,10,9,2021-10
2021-10-10,100.0,41.2,45.0,19.9,14.9,24.3,4.7,2.2,80.0,89.0,1020.7,1015.7,1017.9,20.6,2021,10,10,2021-10
2021-10-11,100.0,43.7,50.1,15.2,12.6,17.8,6.0,2.2,67.0,78.6,1022.9,1020.1,1021.6,18.0,2021,10,11,2021-10
2021-10-12,94.8,40.1,38.4,17.9,15.8,21.3,5.9,3.3,53.0,67.1,1026.5,1022.4,1024.9,18.2,2021,10,12,2021-10
2021-10-13,82.1,31.5,27.9,19.6,14.9,25.2,4.1,2.4,52.0,66.6,1026.3,1021.2,1023.6,19.3,2021,10,13,2021-10
2021-10-14,99.8,36.7,40.0,19.7,17.4,23.9,4.2,2.0,54.0,73.6,1021.9,1017.2,1019.2,20.9,2021,10,14,2021-10
2021-10-15,94.8,38.1,38.8,19.0,17.0,21.4,3.8,2.1,58.0,74.4,1019.7,1016.9,1018.2,20.1,2021,10,15,2021-10
2021-10-16,100.0,39.9,52.0,10.7,4.2,18.1,5.7,3.4,31.0,47.5,1028.7,1019.2,1023.4,13.8,2021,10,16,2021-10
2021-10-17,100.0,40.3,44.4,5.6,1.3,10.8,7.1,2.9,25.0,37.4,1031.0,1026.0,1028.4,10.5,2021,10,17,2021-10
2021-10-18,35.4,16.1,0.4,9.6,2.8,16.1,3.6,2.0,36.0,60.4,1027.4,1020.3,1023.4,11.7,2021,10,18,2021-10
2021-10-19,19.3,7.0,0.0,10.9,7.1,15.0,5.4,2.4,47.0,72.8,1022.4,1017.7,1019.7,13.9,2021,10,19,2021-10
2021-10-20,27.7,14.6,0.0,9.5,4.6,15.8,3.7,1.7,35.0,64.9,1023.6,1019.2,1021.5,12.7,2021,10,20,2021-10
2021-10-21,51.5,20.2,8.6,9.8,4.9,16.2,3.6,1.7,40.0,64.1,1021.8,1018.3,1020.1,12.2,2021,10,21,2021-10
2021-10-22,37.6,14.6,0.7,10.8,5.2,17.2,4.9,1.8,33.0,58.4,1026.1,1020.3,1022.6,12.5,2021,10,22,2021-10
2021-10-23,39.3,15.1,2.0,11.4,5.7,18.4,3.4,1.6,30.0,57.3,1029.6,1026.0,1028.1,12.5,2021,10,23,2021-10
2021-10-24,41.0,17.4,4.4,11.4,6.0,18.1,3.2,1.7,38.0,63.1,1029.1,1023.8,1026.3,12.4,2021,10,24,2021-10
2021-10-25,43.8,18.1,5.5,11.7,6.3,17.6,3.5,1.9,35.0,64.5,1025.4,1021.1,1023.1,12.7,2021,10,25,2021-10
2021-10-26,45.4,18.4,7.4,13.0,7.7,19.0,3.0,1.7,48.0,74.5,1022.7,1018.5,1020.2,12.9,2021,10,26,2021-10
2021-10-27,47.1,20.0,7.1,13.4,9.8,18.1,4.0,2.2,32.0,63.4,1021.7,1017.6,1019.5,13.9,2021,10,27,2021-10
2021-10-28,54.9,22.8,12.3,12.7,7.1,20.0,3.7,1.4,31.0,54.6,1025.3,1021.5,1023.4,12.7,2021,10,28,2021-10
2021-10-29,66.5,25.1,19.1,14.6,10.5,20.6,3.7,2.0,36.0,55.9,1027.2,1022.7,1024.8,13.9,2021,10,29,2021-10
2021-10-30,51.5,20.7,10.8,13.8,11.0,18.0,3.1,1.6,48.0,62.4,1024.9,1022.6,1023.8,12.9,2021,10,30,2021-10
2021-10-31,70.4,26.4,22.8,14.1,9.2,20.3,3.9,1.6,46.0,73.3,1025.4,1021.7,1023.7,14.0,2021,10,31,2021-10
2021-11-01,73.2,26.6,23.1,12.9,10.3,16.9,4.0,1.9,51.0,77.3,1024.8,1021.9,1023.4,13.4,2021,11,1,2021-11
2021-11-02,63.2,25.0,18.1,11.5,7.9,16.9,3.5,1.7,50.0,76.6,1023.9,1020.1,1022.0,12.4,2021,11,2,2021-11
2021-11-03,69.3,24.8,20.0,12.1,7.6,17.1,3.7,1.5,32.0,71.1,1021.5,1017.5,1019.5,12.3,2021,11,3,2021-11
2021-11-04,56.0,20.1,13.2,12.1,8.4,16.3,2.7,1.3,63.0,80.4,1022.0,1018.6,1019.9,11.5,2021,11,4,2021-11
2021-11-05,54.3,21.9,11.2,13.0,7.8,20.2,2.7,1.5,27.0,68.5,1023.2,1019.1,1021.1,12.3,2021,11,5,2021-11
2021-11-06,58.7,22.8,13.4,14.1,8.8,21.3,2.8,1.6,34.0,61.1,1022.6,1019.1,1020.8,12.7,2021,11,6,2021-11
2021-11-07,55.4,21.5,13.2,15.3,9.7,21.3,4.9,2.1,41.0,57.5,1023.9,1014.4,1019.6,13.1,2021,11,7,2021-11
2021-11-08,61.0,23.9,17.0,8.6,4.5,15.5,9.3,3.2,56.0,82.1,1014.4,1006.2,1011.8,10.0,2021,11,8,2021-11
2021-11-09,66.0,28.0,19.9,4.9,3.0,6.5,5.1,2.4,69.0,80.3,1014.1,1007.8,1010.4,6.8,2021,11,9,2021-11
2021-11-10,37.1,11.9,0.3,4.2,0.7,7.7,5.7,2.5,55.0,73.4,1010.1,1006.5,1008.5,7.0,2021,11,10,2021-11
2021-11-11,28.8,9.5,0.0,5.3,2.1,9.7,6.8,2.9,49.0,60.6,1013.8,1009.4,1011.5,6.5,2021,11,11,2021-11
2021-11-12,16.0,5.8,0.0,4.5,1.3,8.6,5.8,2.6,40.0,55.4,1019.2,1013.9,1017.3,6.0,2021,11,12,2021-11
2021-11-13,23.8,7.2,0.0,7.3,0.5,13.4,3.3,1.5,49.0,66.1,1020.5,1017.0,1018.6,6.5,2021,11,13,2021-11
2021-11-14,19.3,5.8,0.0,11.3,7.8,16.4,5.7,2.2,38.0,69.8,1019.4,1016.4,1017.7,9.8,2021,11,14,2021-11
2021-11-15,14.9,9.9,0.0,10.1,5.8,15.7,3.2,1.6,34.0,71.3,1023.0,1019.3,1021.6,9.0,2021,11,15,2021-11
2021-11-16,55.4,20.0,11.5,8.5,4.4,13.6,4.4,1.9,34.0,65.5,1025.6,1022.9,1024.4,8.0,2021,11,16,2021-11
2021-11-17,44.3,16.7,4.6,7.5,2.7,12.5,3.4,1.6,36.0,64.1,1026.4,1021.2,1023.8,6.7,2021,11,17,2021-11
2021-11-18,36.5,13.7,0.0,11.9,7.7,16.2,5.5,2.4,60.0,70.8,1021.2,1015.7,1017.8,10.5,2021,11,18,2021-11
2021-11-19,27.1,11.5,0.0,12.9,10.2,16.7,3.6,1.9,65.0,84.8,1019.7,1016.0,1017.6,11.4,2021,11,19,2021-11
2021-11-20,54.9,22.2,11.1,10.4,6.8,15.6,3.0,1.6,43.0,77.0,1022.4,1019.6,1020.8,9.7,2021,11,20,2021-11
2021-11-21,68.7,25.0,19.5,10.4,7.6,13.1,7.9,1.9,57.0,74.4,1020.9,1011.3,1016.3,9.7,2021,11,21,2021-11
2021-11-22,49.9,17.8,7.9,2.7,-0.6,7.5,7.3,4.1,45.0,61.8,1019.1,1012.7,1016.2,4.5,2021,11,22,2021-11
2021-11-23,54.3,20.6,9.4,-0.6,-3.7,2.3,5.5,3.2,49.0,60.9,1019.8,1017.0,1018.8,1.6,2021,11,23,2021-11
2021-11-24,8.8,1.0,0.0,4.1,-2.6,9.1,4.4,1.9,55.0,64.3,1019.9,1015.1,1017.0,2.3,2021,11,24,2021-11
2021-11-25,0.0,0.0,0.0,5.7,2.6,9.9,4.7,2.2,33.0,55.0,1023.0,1014.9,1018.8,5.1,2021,11,25,2021-11
2021-11-26,0.0,3.9,0.0,2.9,-0.5,7.2,4.3,2.2,34.0,57.5,1030.9,1023.0,1027.2,1.9,2021,11,26,2021-11
2021-11-27,26.5,8.4,0.0,3.4,-1.4,10.1,3.9,1.6,31.0,53.0,1036.2,1030.9,1034.4,2.8,2021,11,27,2021-11
2021-11-28,9.3,2.0,0.0,5.1,-1.3,12.4,2.8,1.5,28.0,52.4,1036.3,1031.3,1033.7,3.0,2021,11,28,2021-11
2021-11-29,4.3,0.4,0.0,7.6,2.5,13.7,2.9,1.6,47.0,62.0,1031.4,1021.0,1026.3,5.4,2021,11,29,2021-11
2021-11-30,4.9,3.6,0.0,5.7,0.7,8.9,8.4,3.7,60.0,80.4,1021.1,1005.1,1011.3,5.7,2021,11,30,2021-11
2021-12-01,26.0,10.5,0.0,-1.3,-3.0,1.5,7.2,4.2,38.0,51.8,1025.4,1015.0,1022.1,1.2,2021,12,1,2021-12
2021-12-02,16.0,9.5,0.0,1.3,-4.6,5.0,4.6,2.1,49.0,68.9,1025.3,1014.0,1018.9,0.4,2021,12,2,2021-12
2021-12-03,0.0,0.0,0.0,1.9,-1.8,4.6,5.8,2.9,29.0,53.3,1024.0,1013.2,1019.1,2.3,2021,12,3,2021-12
2021-12-04,0.0,0.0,0.0,1.4,-2.7,7.0,4.8,2.0,33.0,48.5,1029.0,1023.9,1026.1,1.5,2021,12,4,2021-12
2021-12-05,2.1,1.5,0.0,2.9,-2.3,9.6,2.9,1.4,30.0,50.4,1031.6,1027.8,1029.4,1.8,2021,12,5,2021-12
2021-12-06,0.0,0.0,0.0,5.4,-0.7,12.1,2.8,1.6,38.0,61.4,1028.5,1025.3,1027.2,2.5,2021,12,6,2021-12
2021-12-07,0.0,0.0,0.0,6.8,2.6,13.3,2.6,1.2,44.0,68.3,1031.5,1027.6,1029.5,3.6,2021,12,7,2021-12
2021-12-08,8.2,4.9,0.0,6.7,1.9,13.3,2.6,1.5,44.0,70.0,1034.0,1031.2,1032.2,3.7,2021,12,8,2021-12
2021-12-09,26.5,8.3,0.0,6.5,2.7,9.7,3.5,2.2,58.0,70.3,1032.1,1026.3,1029.3,3.8,2021,12,9,2021-12
2021-12-10,22.7,7.9,0.0,7.0,5.8,8.2,3.4,2.1,68.0,81.5,1027.0,1023.2,1025.2,5.2,2021,12,10,2021-12
2021-12-11,27.1,11.3,0.0,6.0,4.4,9.8,3.6,1.4,66.0,83.6,1028.4,1024.7,1026.1,5.4,2021,12,11,2021-12
2021-12-12,12.1,0.2,0.0,1.2,-3.8,5.1,6.6,3.2,34.0,61.8,1030.0,1023.5,1026.2,2.8,2021,12,12,2021-12
2021-12-13,36.5,9.5,0.0,-2.2,-5.9,1.9,4.1,2.3,28.0,43.8,1030.6,1026.2,1028.3,-0.2,2021,12,13,2021-12
2021-12-14,0.0,0.0,0.0,3.7,-0.7,8.2,3.6,2.0,47.0,64.9,1026.2,1019.0,1021.3,2.3,2021,12,14,2021-12
2021-12-15,0.0,0.0,0.0,7.2,5.4,10.0,3.9,1.7,66.0,84.8,1021.5,1018.0,1019.8,5.4,2021,12,15,2021-12
2021-12-16,8.2,3.5,0.0,6.4,3.3,9.8,4.6,1.8,36.0,71.6,1021.8,1016.1,1018.6,5.4,2021,12,16,2021-12
2021-12-17,42.1,13.3,0.9,-5.6,-10.1,3.2,8.1,4.6,32.0,50.5,1030.6,1017.8,1024.6,-0.9,2021,12,17,2021-12
2021-12-18,30.4,10.8,0.0,-5.7,-11.2,-1.8,3.6,2.0,33.0,64.1,1031.4,1019.6,1025.5,-2.6,2021,12,18,2021-12
2021-12-19,0.0,0.0,0.0,-0.8,-5.8,4.2,4.9,2.0,40.0,63.8,1024.9,1019.6,1022.1,-0.5,2021,12,19,2021-12
2021-12-20,0.0,0.0,0.0,5.2,-0.9,11.1,5.1,2.1,57.0,77.9,1020.3,1014.9,1016.9,1.4,2021,12,20,2021-12
2021-12-21,0.0,0.0,0.0,5.2,0.8,8.9,4.4,2.0,35.0,70.9,1021.5,1014.7,1017.5,2.9,2021,12,21,2021-12
2021-12-22,7.1,5.4,0.0,2.2,-2.6,8.2,3.3,1.7,30.0,47.4,1024.9,1021.5,1023.5,0.8,2021,12,22,2021-12
2021-12-23,16.5,7.8,0.0,2.7,-1.5,8.3,2.8,1.4,37.0,53.5,1026.8,1023.4,1024.7,1.0,2021,12,23,2021-12
2021-12-24,0.0,0.0,0.0,-0.3,-7.3,3.2,6.2,2.6,51.0,65.3,1027.1,1021.2,1023.4,0.3,2021,12,24,2021-12
2021-12-25,3.8,0.1,0.0,-11.7,-14.4,-7.3,7.0,3.9,31.0,42.4,1036.5,1027.1,1033.0,-4.4,2021,12,25,2021-12
2021-12-26,0.0,0.0,0.0,-12.1,-15.5,-7.3,4.8,3.1,31.0,43.5,1037.5,1032.5,1034.9,-5.8,2021,12,26,2021-12
2021-12-27,0.0,0.0,0.0,-7.6,-12.9,-3.9,3.1,1.7,38.0,60.9,1034.2,1029.3,1031.3,-4.7,2021,12,27,2021-12
2021-12-28,0.0,0.0,0.0,-4.1,-8.5,-0.9,3.1,2.2,57.0,73.8,1030.8,1024.6,1028.0,-3.3,2021,12,28,2021-12
2021-12-29,0.0,0.0,0.0,0.4,-3.8,5.9,5.9,2.6,50.0,72.9,1024.6,1016.3,1019.8,-0.7,2021,12,29,2021-12
2021-12-30,0.0,0.0,0.0,-3.9,-6.8,0.2,6.6,3.3,34.0,48.5,1028.5,1021.8,1025.5,-2.7,2021,12,30,2021-12
2021-12-31,0.0,0.0,0.0,-6.7,-8.8,-3.9,5.4,3.5,26.0,35.9,1033.6,1028.3,1031.8,-4.5,2021,12,31,2021-12
2022-01-01,0.0,0.0,0.0,-4.3,-10.2,2.3,2.8,1.5,31.0,46.3,1034.0,1027.3,1030.9,-3.7,2022,1,1,2022-01
2022-01-02,0.0,0.0,0.0,-1.3,-5.2,3.0,4.6,2.3,39.0,57.9,1028.4,1024.4,1026.7,-0.9,2022,1,2,2022-01
2022-01-03,0.0,0.0,0.0,-1.9,-8.0,2.5,4.1,1.8,35.0,58.3,1028.5,1024.2,1026.2,-2.3,2022,1,3,2022-01
2022-01-04,0.0,0.0,0.0,-2.5,-5.6,1.0,4.2,2.4,28.0,51.8,1029.8,1024.5,1028.3,-1.8,2022,1,4,2022-01
2022-01-05,0.0,0.0,0.0,-2.8,-7.8,1.9,2.9,1.7,34.0,47.6,1029.7,1025.9,1028.0,-2.8,2022,1,5,2022-01
2022-01-06,0.0,0.0,0.0,-2.2,-5.9,3.3,4.6,2.3,29.0,47.1,1030.8,1026.7,1029.0,-2.3,2022,1,6,2022-01
2022-01-07,0.0,0.0,0.0,-1.6,-5.9,4.5,3.0,1.5,21.0,47.1,1032.0,1028.2,1029.8,-2.3,2022,1,7,2022-01
2022-01-08,0.0,0.0,0.0,0.3,-5.0,3.7,3.5,1.7,49.0,64.3,1028.2,1021.5,1024.4,-2.1,2022,1,8,2022-01
2022-01-09,0.0,0.0,0.0,1.3,-1.2,5.6,2.8,1.7,46.0,71.5,1023.5,1021.1,1022.5,0.5,2022,1,9,2022-01
2022-01-10,0.0,0.0,0.0,0.5,-3.4,4.4,3.4,2.0,37.0,68.3,1023.5,1017.0,1020.5,-0.9,2022,1,10,2022-01
2022-01-11,5.4,0.0,0.0,-7.4,-10.3,0.3,7.2,4.0,39.0,55.5,1025.3,1017.0,1021.2,-2.3,2022,1,11,2022-01
2022-01-12,0.0,0.0,0.0,-7.7,-11.3,-3.4,4.2,2.4,34.0,47.8,1025.0,1021.4,1023.1,-4.1,2022,1,12,2022-01
2022-01-13,0.0,0.0,0.0,-6.4,-8.9,-3.1,7.6,3.3,32.0,45.8,1025.7,1019.4,1022.2,-3.6,2022,1,13,2022-01
2022-01-14,0.0,0.0,0.0,-4.8,-10.1,1.3,3.2,1.7,24.0,41.8,1028.1,1024.0,1025.9,-3.5,2022,1,14,2022-01
2022-01-15,0.0,0.0,0.0,-1.0,-5.3,1.8,3.1,1.9,41.0,48.3,1025.9,1021.0,1022.8,-1.9,2022,1,15,2022-01
2022-01-16,0.0,0.0,0.0,-2.0,-7.2,2.4,5.7,3.3,29.0,54.5,1028.6,1021.1,1025.2,-0.3,2022,1,16,2022-01
2022-01-17,0.0,0.0,0.0,-5.8,-9.2,0.1,4.1,2.2,38.0,59.9,1029.4,1024.9,1027.7,-4.2,2022,1,17,2022-01
2022-01-18,0.0,0.0,0.0,-5.6,-9.9,-0.7,4.3,2.3,27.0,47.9,1030.8,1026.9,1028.7,-2.8,2022,1,18,2022-01
2022-01-19,0.0,0.0,0.0,-5.3,-7.7,-2.7,4.7,2.1,50.0,72.3,1028.1,1022.4,1025.0,-3.4,2022,1,19,2022-01
2022-01-20,0.0,0.0,0.0,-5.0,-9.8,0.9,4.7,1.8,42.0,63.5,1031.0,1026.2,1029.3,-2.5,2022,1,20,2022-01
2022-01-21,0.0,0.0,0.0,-2.7,-8.7,4.6,3.0,1.8,29.0,55.6,1032.8,1028.4,1030.3,-1.9,2022,1,21,2022-01
2022-01-22,0.0,0.0,0.0,0.3,-5.0,7.1,3.4,1.7,32.0,52.4,1028.5,1024.4,1026.3,-0.3,2022,1,22,2022-01
2022-01-23,12.1,0.2,0.0,2.0,-0.6,6.7,3.1,1.7,43.0,52.4,1025.0,1019.9,1022.3,0.4,2022,1,23,2022-01
2022-01-24,12.1,0.2,0.0,4.6,1.3,8.4,5.5,3.5,44.0,56.0,1023.1,1020.5,1021.7,0.8,2022,1,24,2022-01
2022-01-25,8.8,0.0,0.0,2.8,1.9,4.5,4.9,2.3,51.0,80.0,1022.2,1019.2,1021.0,0.9,2022,1,25,2022-01
2022-01-26,19.3,6.3,0.0,1.3,-1.9,6.8,4.6,2.2,33.0,62.8,1025.8,1022.2,1024.5,1.3,2022,1,26,2022-01
2022-01-27,22.7,4.6,0.0,-1.1,-4.6,4.0,4.1,2.1,31.0,50.0,1026.5,1022.8,1025.1,0.3,2022,1,27,2022-01
2022-01-28,1.6,0.0,0.0,-2.7,-5.9,2.1,5.1,2.8,33.0,51.6,1027.0,1023.3,1025.1,-0.9,2022,1,28,2022-01
2022-01-29,0.0,0.0,0.0,-3.6,-7.2,0.9,5.1,2.4,28.0,48.9,1024.8,1020.3,1022.4,-1.5,2022,1,29,2022-01
2022-01-30,0.0,0.0,0.0,-2.8,-8.0,2.4,4.6,2.2,27.0,45.4,1024.5,1020.6,1022.4,-1.4,2022,1,30,2022-01
2022-01-31,0.0,0.0,0.0,-0.7,-6.8,4.8,4.3,1.9,39.0,59.0,1025.9,1021.8,1023.8,-0.7,2022,1,31,2022-01
2022-02-01,0.0,0.0,0.0,-1.3,-2.7,0.9,4.4,2.6,59.0,76.6,1028.8,1021.8,1025.2,-0.4,2022,2,1,2022-02
2022-02-02,0.0,0.0,0.0,-3.4,-6.0,0.0,5.0,2.4,36.0,60.5,1030.2,1027.2,1028.5,-0.6,2022,2,2,2022-02
2022-02-03,0.0,0.0,0.0,-3.4,-6.9,0.4,4.6,2.4,34.0,52.4,1029.0,1026.0,1027.3,-0.8,2022,2,3,2022-02
2022-02-04,0.0,0.0,0.0,-5.2,-8.2,-0.7,6.5,3.1,35.0,53.3,1027.0,1023.5,1025.3,-2.6,2022,2,4,2022-02
2022-02-05,0.0,0.0,0.0,-6.6,-9.7,-2.0,6.8,3.1,36.0,48.8,1028.0,1024.4,1026.5,-3.1,2022,2,5,2022-02
2022-02-06,0.0,0.0,0.0,-3.9,-8.4,1.7,5.4,2.5,31.0,50.3,1029.9,1026.0,1028.0,-1.5,2022,2,6,2022-02
2022-02-07,0.0,0.0,0.0,-2.5,-7.3,1.9,4.6,1.8,31.0,51.3,1030.2,1026.3,1028.5,-1.6,2022,2,7,2022-02
2022-02-08,0.0,0.0,0.0,-0.1,-4.1,5.6,3.7,1.9,26.0,53.8,1028.5,1025.9,1027.5,1.3,2022,2,8,2022-02
2022-02-09,0.0,0.0,0.0,1.0,-4.3,7.2,3.5,1.8,26.0,52.3,1029.0,1023.0,1025.6,0.9,2022,2,9,2022-02
2022-02-10,0.0,0.0,0.0,1.4,-3.2,6.7,4.9,2.3,33.0,57.8,1024.9,1021.9,1023.3,2.1,2022,2,10,2022-02
2022-02-11,0.0,0.0,0.0,2.9,-2.6,8.8,3.5,1.8,34.0,61.1,1028.2,1024.5,1026.3,3.3,2022,2,11,2022-02
2022-02-12,0.0,0.0,0.0,4.8,-0.1,10.4,3.8,1.7,22.0,50.4,1027.1,1022.6,1024.7,5.1,2022,2,12,2022-02
2022-02-13,0.0,0.2,0.0,4.8,1.6,9.5,3.5,1.8,32.0,44.9,1023.5,1020.1,1022.0,2.2,2022,2,13,2022-02
2022-02-14,11.6,4.8,0.0,2.5,-1.3,8.1,5.7,2.9,43.0,68.3,1022.1,1017.7,1020.2,1.4,2022,2,14,2022-02
2022-02-15,21.0,5.8,0.0,-4.7,-7.7,-1.3,5.7,3.8,44.0,58.0,1023.7,1020.5,1022.1,-1.5,2022,2,15,2022-02
2022-02-16,4.9,0.0,0.0,-7.3,-9.6,-4.1,6.8,3.7,32.0,50.4,1025.7,1022.2,1024.1,-2.3,2022,2,16,2022-02
2022-02-17,0.0,0.0,0.0,-6.2,-10.7,-0.5,4.9,2.5,28.0,41.6,1031.2,1025.6,1028.7,-0.1,2022,2,17,2022-02
2022-02-18,0.0,0.0,0.0,-1.2,-8.0,5.7,3.6,2.0,21.0,40.4,1033.2,1026.3,1029.8,1.6,2022,2,18,2022-02
2022-02-19,0.0,0.0,0.0,-1.7,-6.2,3.7,6.6,2.9,38.0,52.9,1026.7,1021.4,1024.0,0.1,2022,2,19,2022-02
2022-02-20,0.0,0.0,0.0,-4.8,-8.4,-0.5,6.3,4.1,24.0,41.1,1029.1,1024.2,1026.6,0.3,2022,2,20,2022-02
2022-02-21,0.0,0.0,0.0,-3.0,-8.1,3.6,7.1,2.9,41.0,56.3,1030.9,1024.7,1027.9,-0.1,2022,2,21,2022-02
2022-02-22,0.0,0.0,0.0,-4.5,-8.0,0.5,5.6,3.2,33.0,43.3,1033.9,1030.3,1032.1,0.5,2022,2,22,2022-02
2022-02-23,0.0,0.0,0.0,-5.6,-10.0,-0.6,5.5,2.6,24.0,38.5,1035.6,1030.7,1033.1,0.3,2022,2,23,2022-02
2022-02-24,0.0,0.0,0.0,-2.4,-8.5,3.7,5.0,2.2,31.0,52.4,1033.2,1028.3,1030.7,1.9,2022,2,24,2022-02
2022-02-25,0.0,0.0,0.0,3.0,-3.6,8.4,4.8,2.3,55.0,77.5,1029.2,1023.6,1026.4,3.6,2022,2,25,2022-02
2022-02-26,0.0,0.0,0.0,5.4,1.0,9.3,7.2,3.9,63.0,78.4,1023.7,1011.6,1017.5,3.7,2022,2,26,2022-02
2022-02-27,0.0,1.0,0.0,3.7,-1.6,9.1,7.4,2.8,33.0,56.6,1023.2,1017.3,1021.6,3.9,2022,2,27,2022-02
2022-02-28,17.7,8.0,0.0,6.8,2.7,11.5,3.3,1.5,36.0,62.3,1024.2,1016.4,1020.5,3.4,2022,2,28,2022-02
2022-03-01,3.2,2.5,0.0,5.8,0.3,9.7,5.4,2.3,46.0,70.5,1018.5,1012.5,1014.7,5.7,2022,3,1,2022-03
2022-03-02,27.1,10.3,0.0,3.5,-2.3,8.8,6.3,2.7,29.0,55.9,1019.5,1015.9,1017.7,4.0,2022,3,2,2022-03
2022-03-03,13.8,8.9,0.0,5.8,0.9,12.4,4.7,2.1,24.0,52.9,1019.4,1016.7,1017.7,5.5,2022,3,3,2022-03
2022-03-04,0.0,2.2,0.0,6.9,0.6,14.6,8.8,3.6,35.0,60.5,1017.6,1005.9,1011.4,3.7,2022,3,4,2022-03
2022-03-05,17.1,5.9,0.0,2.3,-0.7,6.7,7.5,4.3,22.0,38.4,1020.0,1009.7,1015.8,4.4,2022,3,5,2022-03
2022-03-06,15.4,7.2,0.0,1.4,-3.0,6.8,4.9,2.6,20.0,39.5,1023.8,1019.6,1021.8,5.0,2022,3,6,2022-03
2022-03-07,8.2,0.5,0.0,2.8,-2.7,8.7,3.9,2.0,24.0,45.8,1022.6,1018.8,1020.7,3.9,2022,3,7,2022-03
2022-03-08,0.0,0.0,0.0,6.0,1.1,12.3,4.1,2.0,44.0,56.1,1020.2,1017.3,1019.2,6.8,2022,3,8,2022-03
2022-03-09,0.0,0.0,0.0,7.1,1.7,14.8,4.2,1.9,34.0,69.6,1023.6,1019.7,1021.8,9.0,2022,3,9,2022-03
2022-03-10,18.2,6.7,0.0,9.3,4.2,15.8,5.1,2.1,17.0,51.4,1022.5,1018.8,1020.6,9.3,2022,3,10,2022-03
2022-03-11,21.5,7.6,0.0,11.2,5.1,18.4,3.3,1.9,44.0,58.4,1020.3,1015.6,1018.1,11.4,2022,3,11,2022-03
2022-03-12,35.4,13.9,0.0,12.8,6.3,19.5,5.2,2.7,49.0,72.1,1018.4,1010.8,1014.6,12.1,2022,3,12,2022-03
2022-03-13,40.4,17.4,3.5,11.7,10.7,12.6,4.8,1.9,90.0,95.5,1013.7,1009.2,1010.9,11.1,2022,3,13,2022-03
2022-03-14,47.1,21.6,7.9,8.2,4.9,13.2,6.2,3.2,82.0,90.3,1013.6,1008.9,1011.4,7.7,2022,3,14,2022-03
2022-03-15,71.5,25.5,19.4,7.2,2.3,13.3,3.9,2.0,46.0,72.6,1016.3,1011.4,1014.2,9.8,2022,3,15,2022-03
2022-03-16,39.3,13.1,0.6,10.3,3.6,16.8,4.3,2.1,38.0,62.6,1019.8,1013.9,1016.6,10.8,2022,3,16,2022-03
2022-03-17,24.9,9.6,0.0,10.7,7.8,15.1,5.9,2.7,45.0,62.0,1021.0,1016.7,1018.8,9.7,2022,3,17,2022-03
2022-03-18,32.1,16.2,0.0,7.5,5.5,9.6,7.1,4.4,52.0,60.8,1017.7,1008.4,1011.2,7.2,2022,3,18,2022-03
2022-03-19,55.4,19.4,10.9,3.4,0.9,6.1,4.9,3.0,62.0,84.6,1015.6,1005.0,1009.5,4.6,2022,3,19,2022-03
2022-03-20,42.6,14.8,0.9,5.4,2.2,9.3,5.0,2.6,41.0,66.1,1022.9,1015.6,1018.8,8.2,2022,3,20,2022-03
2022-03-21,17.1,4.9,0.0,5.0,-0.3,10.9,4.9,2.4,27.0,49.5,1026.3,1022.1,1024.0,6.2,2022,3,21,2022-03
2022-03-22,24.3,8.0,0.0,7.1,1.1,13.6,5.1,2.2,27.0,48.9,1024.5,1019.0,1022.0,9.5,2022,3,22,2022-03
2022-03-23,10.4,4.9,0.0,6.2,4.9,8.2,4.0,2.3,41.0,56.8,1020.5,1016.4,1018.1,7.0,2022,3,23,2022-03
2022-03-24,18.2,9.0,0.0,8.2,3.9,12.4,3.9,1.8,56.0,70.6,1021.7,1017.4,1019.6,8.5,2022,3,24,2022-03
2022-03-25,39.3,11.9,0.0,12.0,6.3,17.2,6.1,2.6,46.0,70.0,1022.2,1003.2,1014.8,10.3,2022,3,25,2022-03
2022-03-26,33.8,14.0,0.0,11.8,9.5,14.7,6.0,2.9,53.0,80.9,1011.7,994.9,1002.3,12.0,2022,3,26,2022-03
2022-03-27,47.1,21.4,6.9,8.1,5.0,12.6,7.3,3.0,23.0,49.1,1022.6,1011.5,1016.0,10.8,2022,3,27,2022-03
2022-03-28,64.9,23.5,16.4,8.2,1.5,15.1,4.7,2.1,15.0,35.6,1027.5,1022.5,1025.7,10.5,2022,3,28,2022-03
2022-03-29,39.9,13.4,0.6,9.7,3.3,15.6,4.8,2.1,37.0,52.9,1027.4,1022.1,1024.4,11.6,2022,3,29,2022-03
2022-03-30,20.4,11.0,0.0,10.8,5.9,15.7,3.6,1.8,50.0,76.5,1022.7,1017.2,1020.6,9.7,2022,3,30,2022-03
2022-03-31,30.4,15.5,0.0,10.9,7.6,14.7,4.7,2.5,43.0,63.5,1028.0,1020.5,1023.8,11.9,2022,3,31,2022-03
2022-04-01,44.9,19.1,5.0,9.2,4.5,14.9,5.0,2.6,26.0,50.5,1030.8,1026.5,1028.7,12.2,2022,4,1,2022-04
2022-04-02,54.3,20.5,10.1,8.2,3.7,14.2,5.4,2.3,28.0,55.0,1028.9,1025.2,1027.3,11.6,2022,4,2,2022-04
2022-04-03,37.1,14.6,0.0,9.6,3.5,17.0,5.0,2.1,24.0,55.0,1029.3,1025.6,1027.8,12.6,2022,4,3,2022-04
2022-04-04,32.6,12.0,0.0,10.3,5.1,16.4,4.8,2.3,24.0,50.3,1029.7,1025.9,1027.6,13.4,2022,4,4,2022-04
2022-04-05,31.5,13.6,0.0,10.3,4.9,15.8,5.5,2.4,23.0,41.1,1026.6,1019.4,1022.3,12.3,2022,4,5,2022-04
2022-04-06,40.4,16.6,2.8,11.7,8.0,17.0,4.4,2.5,19.0,52.3,1023.2,1018.9,1020.9,13.8,2022,4,6,2022-04
2022-04-07,39.3,17.3,5.2,10.9,7.4,15.7,7.1,3.3,21.0,43.5,1020.3,1015.5,1017.9,15.1,2022,4,7,2022-04
2022-04-08,56.5,20.6,13.1,12.9,5.1,20.0,5.0,2.1,27.0,49.0,1021.9,1015.8,1018.7,16.1,2022,4,8,2022-04
2022-04-09,53.2,19.4,9.9,17.8,12.4,24.2,6.7,3.0,34.0,43.8,1015.9,1012.5,1014.6,18.1,2022,4,9,2022-04
2022-04-10,40.4,21.3,4.2,18.2,12.7,25.1,4.9,2.0,22.0,46.0,1017.8,1013.9,1016.1,20.1,2022,4,10,2022-04
2022-04-11,81.0,33.1,30.2,19.6,13.4,26.6,4.6,2.4,34.0,60.4,1016.3,1009.2,1012.6,22.4,2022,4,11,2022-04
2022-04-12,82.6,33.5,31.5,19.3,15.9,26.4,6.4,2.8,50.0,77.9,1011.9,1007.2,1010.4,23.6,2022,4,12,2022-04
2022-04-13,86.5,36.5,35.6,13.1,12.0,15.9,8.4,4.4,47.0,69.3,1017.4,1010.8,1014.5,13.0,2022,4,13,2022-04
2022-04-14,100.0,35.7,42.6,13.2,11.4,15.3,6.6,4.0,45.0,53.4,1020.5,1016.5,1018.3,14.2,2022,4,14,2022-04
2022-04-15,78.7,26.6,25.1,13.3,7.5,19.3,5.7,3.0,28.0,46.8,1020.7,1013.5,1017.6,19.0,2022,4,15,2022-04
2022-04-16,75.4,27.6,22.9,13.2,7.1,20.2,5.5,2.5,18.0,48.5,1019.2,1015.0,1017.5,19.1,2022,4,16,2022-04
2022-04-17,53.7,23.5,11.8,14.0,7.2,21.9,5.2,2.3,24.0,53.8,1019.6,1016.3,1017.9,19.5,2022,4,17,2022-04
2022-04-18,51.5,22.1,10.9,15.2,11.4,21.6,5.5,2.4,21.0,46.1,1019.3,1015.7,1017.6,19.3,2022,4,18,2022-04
2022-04-19,52.1,22.9,12.9,15.2,8.9,22.1,5.2,2.4,28.0,51.9,1018.6,1015.4,1017.1,20.5,2022,4,19,2022-04
2022-04-20,75.4,27.3,27.3,15.7,9.7,22.1,4.7,2.3,23.0,48.8,1018.0,1013.2,1015.7,21.3,2022,4,20,2022-04
2022-04-21,61.5,26.7,17.7,16.3,9.6,22.7,5.9,2.8,21.0,48.4,1015.1,1009.2,1011.7,19.7,2022,4,21,2022-04
2022-04-22,66.0,28.4,20.3,15.0,13.2,16.8,6.6,3.5,58.0,76.8,1012.8,1008.8,1010.4,15.1,2022,4,22,2022-04
2022-04-23,65.4,29.8,20.2,17.7,10.4,25.3,3.5,1.7,21.0,57.3,1015.0,1008.7,1011.9,22.9,2022,4,23,2022-04
2022-04-24,85.4,32.0,29.5,18.5,15.0,24.5,5.0,2.3,48.0,72.5,1012.5,1008.7,1011.2,22.8,2022,4,24,2022-04
2022-04-25,69.8,31.6,24.0,20.0,17.0,23.6,3.2,1.4,61.0,80.5,1013.8,1005.9,1010.5,20.6,2022,4,25,2022-04
2022-04-26,95.4,35.2,38.8,21.9,17.0,28.7,6.7,3.1,36.0,57.9,1009.3,998.6,1003.0,26.0,2022,4,26,2022-04
2022-04-27,100.0,41.2,45.0,17.7,12.6,23.9,4.7,2.7,17.0,31.5,1017.3,1009.3,1014.4,24.1,2022,4,27,2022-04
2022-04-28,100.0,41.9,47.2,18.2,11.6,25.9,5.6,2.6,19.0,44.0,1018.8,1013.2,1015.6,24.4,2022,4,28,2022-04
2022-04-29,82.1,33.1,30.6,13.4,10.7,16.5,5.7,3.4,54.0,70.6,1020.3,1014.2,1016.5,15.1,2022,4,29,2022-04
2022-04-30,76.5,32.6,28.2,13.0,10.5,17.8,6.6,2.9,49.0,68.0,1020.5,1014.5,1017.4,14.6,2022,4,30,2022-04
2022-05-01,71.5,26.9,21.1,13.4,7.9,19.2,7.5,3.1,22.0,54.8,1016.6,1010.3,1012.8,19.1,2022,5,1,2022-05
2022-05-02,70.4,24.1,21.0,14.2,9.1,19.4,5.2,2.4,26.0,56.5,1016.7,1011.6,1013.4,20.3,2022,5,2,2022-05
2022-05-03,56.0,23.9,13.1,14.8,9.1,20.8,5.3,2.5,24.0,45.9,1019.8,1016.7,1018.7,21.5,2022,5,3,2022-05
2022-05-04,62.6,26.4,17.2,17.8,10.0,25.2,5.7,2.7,31.0,43.3,1019.8,1016.5,1018.6,23.3,2022,5,4,2022-05
2022-05-05,62.6,26.8,17.7,18.9,12.5,25.8,4.8,2.2,30.0,48.1,1020.5,1015.7,1018.4,26.5,2022,5,5,2022-05
2022-05-06,67.6,32.0,22.6,19.6,13.7,25.6,5.1,2.5,40.0,67.1,1017.8,1014.1,1016.1,25.6,2022,5,6,2022-05
2022-05-07,81.5,35.1,31.2,18.4,15.3,23.1,5.9,3.0,18.0,52.4,1018.7,1015.3,1016.7,23.2,2022,5,7,2022-05
2022-05-08,88.2,37.6,35.1,15.3,11.7,18.2,5.2,2.8,35.0,51.8,1020.9,1017.1,1018.9,16.2,2022,5,8,2022-05
2022-05-09,97.1,36.4,39.1,17.9,11.0,25.3,4.5,2.2,30.0,56.4,1020.1,1015.3,1017.9,23.6,2022,5,9,2022-05
2022-05-10,77.1,31.4,25.1,19.9,13.6,26.3,4.6,2.2,16.0,39.0,1018.5,1012.8,1015.7,26.7,2022,5,10,2022-05
2022-05-11,73.2,32.3,26.0,19.7,16.6,25.2,4.4,2.4,34.6,50.0,1015.8,1013.0,1014.6,28.2,2022,5,11,2022-05
2022-05-12,87.6,37.9,35.0,20.9,14.1,28.1,4.8,1.9,32.0,51.5,1014.7,1007.6,1010.6,28.5,2022,5,12,2022-05
2022-05-13,100.0,38.4,44.4,19.4,15.0,25.2,6.1,2.2,28.0,45.8,1009.3,1004.6,1007.4,24.2,2022,5,13,2022-05
2022-05-14,90.4,39.2,37.4,15.7,11.9,20.0,6.3,3.3,29.0,45.5,1015.6,1009.1,1011.9,22.0,2022,5,14,2022-05
2022-05-15,95.4,37.4,39.1,16.2,10.5,22.4,6.4,3.2,24.0,39.8,1016.1,1011.2,1013.7,24.7,2022,5,15,2022-05
2022-05-16,78.2,30.8,26.6,17.3,10.9,23.7,5.9,2.9,36.1,56.0,1013.7,1008.3,1011.1,25.5,2022,5,16,2022-05
2022-05-17,70.4,29.8,23.0,20.0,13.0,27.4,5.1,2.6,36.1,60.0,1014.7,1010.8,1012.5,27.5,2022,5,17,2022-05
2022-05-18,72.6,32.0,24.9,20.0,15.7,25.4,6.0,2.9,39.0,59.4,1018.0,1012.9,1015.4,19.6,2022,5,18,2022-05
2022-05-19,84.3,37.0,33.5,19.9,16.1,24.2,5.4,3.0,43.0,53.6,1016.7,1014.6,1016.0,24.5,2022,5,19,2022-05
2022-05-20,99.3,39.2,41.6,20.6,15.6,25.8,5.1,2.3,28.0,52.8,1016.3,1010.5,1013.1,26.6,2022,5,20,2022-05
2022-05-21,100.0,40.2,42.3,20.1,16.1,26.0,5.1,2.5,48.0,70.8,1011.9,1006.5,1009.0,27.1,2022,5,21,2022-05
2022-05-22,98.7,40.8,41.3,20.3,15.7,25.8,4.6,2.5,52.0,70.9,1009.3,1005.6,1007.5,27.6,2022,5,22,2022-05
2022-05-23,100.0,38.9,43.1,23.0,17.8,30.7,4.3,2.3,39.0,63.5,1014.6,1009.3,1011.5,30.2,2022,5,23,2022-05
2022-05-24,99.3,39.8,42.9,22.9,16.7,30.2,4.6,2.1,29.0,56.8,1016.2,1011.3,1013.5,30.8,2022,5,24,2022-05
